2026-06-10 19:28:56 | DEBUG | C05 | No variables found in .env
2026-06-10 19:28:56 | DEBUG | P03 | No variables found in .env
2026-06-10 19:30:13 | DEBUG | P03 | No variables found in .env
2026-06-10 19:30:13 | INFO | P03 | === RUN START ===
2026-06-10 19:30:13 | INFO | P03 | project=P03
2026-06-10 19:30:13 | INFO | P03 | repo_dir=streaming-05-storage-
2026-06-10 19:30:13 | INFO | P03 | python=3.14.4
2026-06-10 19:30:13 | INFO | P03 | os=Windows 11
2026-06-10 19:30:13 | INFO | P03 | shell=powershell
2026-06-10 19:30:13 | INFO | P03 | cwd=.
2026-06-10 19:30:13 | INFO | P03 | github_actions=False
2026-06-10 19:30:13 | INFO | P03 | ========================
2026-06-10 19:30:13 | INFO | P03 | START producer main()
2026-06-10 19:30:13 | INFO | P03 | ========================
2026-06-10 19:30:13 | INFO | P03 | ROOT_DIR = .
2026-06-10 19:30:13 | INFO | P03 | DATA_DIR = data
2026-06-10 19:30:13 | INFO | P03 | SALES_CSV = data\sales.csv
2026-06-10 19:30:13 | INFO | P03 | REGIONS_CSV = data\regions.csv
2026-06-10 19:30:13 | INFO | P03 | PRODUCTS_CSV = data\products.csv
2026-06-10 19:30:13 | INFO | P03 | REJECTED_SALES_CSV = data\output\producer_rejected_sales.csv
2026-06-10 19:30:13 | INFO | P03 | ========================
2026-06-10 19:30:13 | INFO | P03 | SECTION A. Acquire
2026-06-10 19:30:13 | INFO | P03 | ========================
2026-06-10 19:30:13 | INFO | P03 | Loading settings from .env...
2026-06-10 19:30:13 | INFO | P03 | KAFKA_BOOTSTRAP_SERVERS           = localhost:9092
2026-06-10 19:30:13 | INFO | P03 | KAFKA_TOPIC                       = product-sales-case
2026-06-10 19:30:13 | INFO | P03 | PRODUCER_MESSAGE_COUNT            = 6
2026-06-10 19:30:13 | INFO | P03 | PRODUCER_MESSAGE_INTERVAL_SECONDS = 2.0
2026-06-10 19:30:13 | INFO | P03 | KAFKA_CLEAR_TOPIC_ON_START        = False
2026-06-10 19:30:13 | INFO | P03 | Verifying Kafka connection...
2026-06-10 19:30:13 | INFO | P03 | Kafka port is reachable.
2026-06-10 19:30:13 | INFO | P03 | Loading validation reference data...
2026-06-10 19:30:13 | INFO | P03 | Found 6 valid regions, 6 valid products.
2026-06-10 19:30:13 | INFO | P03 | ========================
2026-06-10 19:30:13 | INFO | P03 | SECTION P. Produce Messages
2026-06-10 19:30:13 | INFO | P03 | ========================
2026-06-10 19:30:13 | INFO | P03 | Initializing output...
2026-06-10 19:30:13 | INFO | P03 | Output directory ready: output
2026-06-10 19:30:13 | INFO | P03 | Sending messages...
2026-06-10 19:30:13 | INFO | P03 | Sending up to 6 message(s) to topic 'product-sales-case'.
2026-06-10 19:30:13 | INFO | P03 | Watch each sale arrive. Press CTRL+C to stop early.

2026-06-10 19:30:13 | INFO | P03 | {
  order_id: e7324981-a9f0-419f-b708-d0a333451fff
  datetime: 2026-05-04T08:11:00Z
  region_id: US-TX
  currency_code: USD
  product_id: PY-STREAM-005
  unit_price: 59.99
  quantity: 3
  is_online: true
  customer_id: CUST-4150
  is_new_customer: false
  device_type: tablet
  payment_method: paypal
  referral_source: paid_search
  discount_code: 
  customer_note: Gift for my team
}
2026-06-10 19:30:13 | INFO | P03 |   Sending message with key=US-TX
2026-06-10 19:30:18 | ERROR | P03 | !!!!!!!!!!!!!!!!!!!!!!!!!!!!!!!!!
The message was generated, but Kafka did not accept it.
Kafka did not confirm message delivery.
Details:
    KafkaError{code=_MSG_TIMED_OUT,val=-192,str="Local: Message timed out"}

CHECK:
1. Confirm Kafka is running.
2. Confirm the topic exists.
3. Confirm the broker is reachable at localhost:9092.
4. Try MANAGE_TOPIC.md to verify Kafka independently of Python.
!!!!!!!!!!!!!!!!!!!!!!!!!!!!!!!!!
2026-06-10 19:30:18 | ERROR | P03 | Producer stopped before completing all messages.
2026-06-10 19:34:11 | DEBUG | P03 | No variables found in .env
2026-06-10 19:34:11 | INFO | P03 | === RUN START ===
2026-06-10 19:34:11 | INFO | P03 | project=P03
2026-06-10 19:34:11 | INFO | P03 | repo_dir=streaming-05-storage-
2026-06-10 19:34:11 | INFO | P03 | python=3.14.4
2026-06-10 19:34:11 | INFO | P03 | os=Windows 11
2026-06-10 19:34:11 | INFO | P03 | shell=powershell
2026-06-10 19:34:11 | INFO | P03 | cwd=.
2026-06-10 19:34:11 | INFO | P03 | github_actions=False
2026-06-10 19:34:11 | INFO | P03 | ========================
2026-06-10 19:34:11 | INFO | P03 | START producer main()
2026-06-10 19:34:11 | INFO | P03 | ========================
2026-06-10 19:34:11 | INFO | P03 | ROOT_DIR = .
2026-06-10 19:34:11 | INFO | P03 | DATA_DIR = data
2026-06-10 19:34:11 | INFO | P03 | SALES_CSV = data\sales.csv
2026-06-10 19:34:11 | INFO | P03 | REGIONS_CSV = data\regions.csv
2026-06-10 19:34:11 | INFO | P03 | PRODUCTS_CSV = data\products.csv
2026-06-10 19:34:11 | INFO | P03 | REJECTED_SALES_CSV = data\output\producer_rejected_sales.csv
2026-06-10 19:34:11 | INFO | P03 | ========================
2026-06-10 19:34:11 | INFO | P03 | SECTION A. Acquire
2026-06-10 19:34:11 | INFO | P03 | ========================
2026-06-10 19:34:11 | INFO | P03 | Loading settings from .env...
2026-06-10 19:34:11 | INFO | P03 | KAFKA_BOOTSTRAP_SERVERS           = localhost:9092
2026-06-10 19:34:11 | INFO | P03 | KAFKA_TOPIC                       = product-sales-case
2026-06-10 19:34:11 | INFO | P03 | PRODUCER_MESSAGE_COUNT            = 6
2026-06-10 19:34:11 | INFO | P03 | PRODUCER_MESSAGE_INTERVAL_SECONDS = 2.0
2026-06-10 19:34:11 | INFO | P03 | KAFKA_CLEAR_TOPIC_ON_START        = False
2026-06-10 19:34:11 | INFO | P03 | Verifying Kafka connection...
2026-06-10 19:34:11 | INFO | P03 | Kafka port is reachable.
2026-06-10 19:34:14 | INFO | P03 | Loading validation reference data...
2026-06-10 19:34:14 | INFO | P03 | Found 6 valid regions, 6 valid products.
2026-06-10 19:34:14 | INFO | P03 | ========================
2026-06-10 19:34:14 | INFO | P03 | SECTION P. Produce Messages
2026-06-10 19:34:14 | INFO | P03 | ========================
2026-06-10 19:34:14 | INFO | P03 | Initializing output...
2026-06-10 19:34:14 | INFO | P03 | Output directory ready: output
2026-06-10 19:34:14 | INFO | P03 | Sending messages...
2026-06-10 19:34:14 | INFO | P03 | Sending up to 6 message(s) to topic 'product-sales-case'.
2026-06-10 19:34:14 | INFO | P03 | Watch each sale arrive. Press CTRL+C to stop early.

2026-06-10 19:34:14 | INFO | P03 | {
  order_id: e7324981-a9f0-419f-b708-d0a333451fff
  datetime: 2026-05-04T08:11:00Z
  region_id: US-TX
  currency_code: USD
  product_id: PY-STREAM-005
  unit_price: 59.99
  quantity: 3
  is_online: true
  customer_id: CUST-4150
  is_new_customer: false
  device_type: tablet
  payment_method: paypal
  referral_source: paid_search
  discount_code: 
  customer_note: Gift for my team
}
2026-06-10 19:34:14 | INFO | P03 |   Sending message with key=US-TX
2026-06-10 19:34:14 | INFO | P03 |   MESSAGE SENT  sent=1
2026-06-10 19:34:16 | INFO | P03 | {
  order_id: d61943e0-f543-4b5f-9c9a-18605ea4cfe5
  datetime: 2026-05-04T08:23:00Z
  region_id: US-TX
  currency_code: USD
  product_id: PY-DATA-002
  unit_price: 49.99
  quantity: 1
  is_online: true
  customer_id: CUST-1106
  is_new_customer: false
  device_type: mobile
  payment_method: paypal
  referral_source: paid_search
  discount_code: 
  customer_note: Gift for my team
}
2026-06-10 19:34:16 | INFO | P03 |   Sending message with key=US-TX
2026-06-10 19:34:16 | INFO | P03 |   MESSAGE SENT  sent=2
2026-06-10 19:34:18 | INFO | P03 | {
  order_id: 14da1915-8e74-47be-9e10-f7275d31af46
  datetime: 2026-05-04T08:28:00Z
  region_id: CA-QC
  currency_code: CAD
  product_id: PY-NLP-006
  unit_price: 54.99
  quantity: 1
  is_online: true
  customer_id: CUST-2133
  is_new_customer: false
  device_type: desktop
  payment_method: paypal
  referral_source: organic
  discount_code: 
  customer_note: Learning at my own pace
}
2026-06-10 19:34:18 | INFO | P03 |   Sending message with key=CA-QC
2026-06-10 19:34:18 | INFO | P03 |   MESSAGE SENT  sent=3
2026-06-10 19:34:20 | INFO | P03 | {
  order_id: d77ed935-9b28-431d-bc25-0a3fd98f4154
  datetime: 2026-05-04T08:40:00Z
  region_id: US-CA
  currency_code: USD
  product_id: PY-STREAM-005
  unit_price: 59.99
  quantity: 1
  is_online: true
  customer_id: CUST-5333
  is_new_customer: false
  device_type: mobile
  payment_method: paypal
  referral_source: organic
  discount_code: 
  customer_note: Highly recommend
}
2026-06-10 19:34:20 | INFO | P03 |   Sending message with key=US-CA
2026-06-10 19:34:20 | INFO | P03 |   MESSAGE SENT  sent=4
2026-06-10 19:34:22 | INFO | P03 | {
  order_id: 24b91995-25f8-4ad7-8fa6-2e4c15750e5e
  datetime: 2026-05-04T08:41:00Z
  region_id: US-MO
  currency_code: USD
  product_id: PY-VIZ-003
  unit_price: 39.99
  quantity: 1
  is_online: true
  customer_id: CUST-8573
  is_new_customer: false
  device_type: mobile
  payment_method: apple_pay
  referral_source: paid_search
  discount_code: 
  customer_note: Learning at my own pace
}
2026-06-10 19:34:22 | INFO | P03 |   Sending message with key=US-MO
2026-06-10 19:34:22 | INFO | P03 |   MESSAGE SENT  sent=5
2026-06-10 19:34:24 | INFO | P03 | {
  order_id: 1ec0fc8b-998c-4f43-8a66-19e1fa7d5fa8
  datetime: 2026-05-04T08:54:00Z
  region_id: CA-ON
  currency_code: CAD
  product_id: PY-SQL-004
  unit_price: 44.99
  quantity: 1
  is_online: true
  customer_id: CUST-8062
  is_new_customer: false
  device_type: tablet
  payment_method: paypal
  referral_source: organic
  discount_code: 
  customer_note: 
}
2026-06-10 19:34:24 | INFO | P03 |   Sending message with key=CA-ON
2026-06-10 19:34:24 | INFO | P03 |   MESSAGE SENT  sent=6
2026-06-10 19:34:26 | INFO | P03 | Checking for rejected records...
2026-06-10 19:34:26 | INFO | P03 |   No records rejected.
2026-06-10 19:34:26 | INFO | P03 | ========================
2026-06-10 19:34:26 | INFO | P03 | SECTION E. Exit
2026-06-10 19:34:26 | INFO | P03 | ========================
2026-06-10 19:34:26 | INFO | P03 | Summary:
2026-06-10 19:34:26 | INFO | P03 | Sent 6 message(s) to topic 'product-sales-case'.
2026-06-10 19:34:26 | INFO | P03 | Rejected 0 message(s).
2026-06-10 19:34:26 | INFO | P03 | ========================
2026-06-10 19:34:26 | INFO | P03 | Producer executed successfully!
2026-06-10 19:34:26 | INFO | P03 | ========================
2026-06-10 19:35:52 | DEBUG | C05 | No variables found in .env
2026-06-10 19:35:52 | INFO | C05 | === RUN START ===
2026-06-10 19:35:52 | INFO | C05 | project=C05
2026-06-10 19:35:52 | INFO | C05 | repo_dir=streaming-05-storage-
2026-06-10 19:35:52 | INFO | C05 | python=3.14.4
2026-06-10 19:35:53 | INFO | C05 | os=Windows 11
2026-06-10 19:35:53 | INFO | C05 | shell=powershell
2026-06-10 19:35:53 | INFO | C05 | cwd=.
2026-06-10 19:35:53 | INFO | C05 | github_actions=False
2026-06-10 19:35:53 | INFO | C05 | ========================
2026-06-10 19:35:53 | INFO | C05 | START consumer main()
2026-06-10 19:35:53 | INFO | C05 | ========================
2026-06-10 19:35:53 | INFO | C05 | ROOT_DIR = .
2026-06-10 19:35:53 | INFO | C05 | DATA_DIR = data
2026-06-10 19:35:53 | INFO | C05 | OUTPUT_CSV = data\output\consumed_sales.csv
2026-06-10 19:35:53 | INFO | C05 | OUTPUT_DB = data\output\sales.duckdb
2026-06-10 19:35:53 | INFO | C05 | REGIONS_CSV = data\regions.csv
2026-06-10 19:35:53 | INFO | C05 | PRODUCTS_CSV = data\products.csv
2026-06-10 19:35:53 | INFO | C05 | CURRENCIES_CSV = data\currencies.csv
2026-06-10 19:35:53 | INFO | C05 | DISCOUNT_CODES_CSV = data\discount_codes.csv
2026-06-10 19:35:53 | INFO | C05 | ========================
2026-06-10 19:35:53 | INFO | C05 | SECTION A. Acquire
2026-06-10 19:35:53 | INFO | C05 | ========================
2026-06-10 19:35:53 | INFO | C05 | Loading settings from .env...
2026-06-10 19:35:53 | INFO | C05 | KAFKA_BOOTSTRAP_SERVERS  = localhost:9092
2026-06-10 19:35:53 | INFO | C05 | KAFKA_TOPIC              = product-sales-case
2026-06-10 19:35:53 | INFO | C05 | KAFKA_GROUP_ID           = streaming-consumer-group-A
2026-06-10 19:35:53 | INFO | C05 | CONSUMER_TIMEOUT_SECONDS = 10.0
2026-06-10 19:35:53 | INFO | C05 | CONSUMER_MAX_MESSAGES    = 1000
2026-06-10 19:35:53 | INFO | C05 | Verifying Kafka connection...
2026-06-10 19:35:53 | INFO | C05 | Kafka port is reachable.
2026-06-10 19:35:53 | INFO | C05 | Verifying Kafka topic...
2026-06-10 19:42:08 | DEBUG | C05 | KAFKA_BOOTSTRAP_SERVERS           = localhost:9092
2026-06-10 19:42:08 | DEBUG | C05 | KAFKA_BROKER_ADDRESS_FAMILY       = v4
2026-06-10 19:42:08 | DEBUG | C05 | KAFKA_TOPIC                       = streaming-05-storage-case
2026-06-10 19:42:08 | DEBUG | C05 | KAFKA_CLEAR_TOPIC_ON_START        = true
2026-06-10 19:42:08 | DEBUG | C05 | PRODUCER_MESSAGE_COUNT            = 3
2026-06-10 19:42:08 | DEBUG | C05 | PRODUCER_MESSAGE_INTERVAL_SECONDS = 2
2026-06-10 19:42:08 | DEBUG | C05 | PRODUCER_MAX_MESSAGES             = 50
2026-06-10 19:42:08 | DEBUG | C05 | PRODUCER_POLL_INTERVAL_SECONDS    = 15
2026-06-10 19:42:08 | DEBUG | C05 | KAFKA_GROUP_ID                    = streaming-consumer-group-A
2026-06-10 19:42:08 | DEBUG | C05 | KAFKA_AUTO_OFFSET_RESET           = earliest
2026-06-10 19:42:08 | DEBUG | C05 | CONSUMER_TIMEOUT_SECONDS          = 10
2026-06-10 19:42:08 | DEBUG | C05 | CONSUMER_MAX_MESSAGES             = 1000
2026-06-10 19:42:08 | INFO | C05 | === RUN START ===
2026-06-10 19:42:08 | INFO | C05 | project=C05
2026-06-10 19:42:08 | INFO | C05 | repo_dir=streaming-05-storage-
2026-06-10 19:42:08 | INFO | C05 | python=3.14.4
2026-06-10 19:42:08 | INFO | C05 | os=Windows 11
2026-06-10 19:42:08 | INFO | C05 | shell=powershell
2026-06-10 19:42:08 | INFO | C05 | cwd=.
2026-06-10 19:42:08 | INFO | C05 | github_actions=False
2026-06-10 19:42:08 | INFO | C05 | ========================
2026-06-10 19:42:08 | INFO | C05 | START consumer main()
2026-06-10 19:42:08 | INFO | C05 | ========================
2026-06-10 19:42:08 | INFO | C05 | ROOT_DIR = .
2026-06-10 19:42:08 | INFO | C05 | DATA_DIR = data
2026-06-10 19:42:08 | INFO | C05 | OUTPUT_CSV = data\output\consumed_sales.csv
2026-06-10 19:42:08 | INFO | C05 | OUTPUT_DB = data\output\sales.duckdb
2026-06-10 19:42:08 | INFO | C05 | REGIONS_CSV = data\regions.csv
2026-06-10 19:42:08 | INFO | C05 | PRODUCTS_CSV = data\products.csv
2026-06-10 19:42:08 | INFO | C05 | CURRENCIES_CSV = data\currencies.csv
2026-06-10 19:42:08 | INFO | C05 | DISCOUNT_CODES_CSV = data\discount_codes.csv
2026-06-10 19:42:08 | INFO | C05 | ========================
2026-06-10 19:42:08 | INFO | C05 | SECTION A. Acquire
2026-06-10 19:42:08 | INFO | C05 | ========================
2026-06-10 19:42:08 | INFO | C05 | Loading settings from .env...
2026-06-10 19:42:08 | INFO | C05 | KAFKA_BOOTSTRAP_SERVERS  = localhost:9092
2026-06-10 19:42:08 | INFO | C05 | KAFKA_TOPIC              = streaming-05-storage-case
2026-06-10 19:42:08 | INFO | C05 | KAFKA_GROUP_ID           = streaming-consumer-group-A
2026-06-10 19:42:08 | INFO | C05 | CONSUMER_TIMEOUT_SECONDS = 10.0
2026-06-10 19:42:08 | INFO | C05 | CONSUMER_MAX_MESSAGES    = 1000
2026-06-10 19:42:08 | INFO | C05 | Verifying Kafka connection...
2026-06-10 19:42:08 | INFO | C05 | Kafka port is reachable.
2026-06-10 19:42:08 | INFO | C05 | Verifying Kafka topic...
2026-06-10 19:50:19 | DEBUG | C05 | KAFKA_BOOTSTRAP_SERVERS           = localhost:9092
2026-06-10 19:50:19 | DEBUG | C05 | KAFKA_BROKER_ADDRESS_FAMILY       = v4
2026-06-10 19:50:19 | DEBUG | C05 | KAFKA_TOPIC                       = streaming-05-storage-case
2026-06-10 19:50:19 | DEBUG | C05 | KAFKA_CLEAR_TOPIC_ON_START        = true
2026-06-10 19:50:19 | DEBUG | C05 | PRODUCER_MESSAGE_COUNT            = 3
2026-06-10 19:50:19 | DEBUG | C05 | PRODUCER_MESSAGE_INTERVAL_SECONDS = 2
2026-06-10 19:50:19 | DEBUG | C05 | PRODUCER_MAX_MESSAGES             = 50
2026-06-10 19:50:19 | DEBUG | C05 | PRODUCER_POLL_INTERVAL_SECONDS    = 15
2026-06-10 19:50:19 | DEBUG | C05 | KAFKA_GROUP_ID                    = streaming-consumer-group-A
2026-06-10 19:50:19 | DEBUG | C05 | KAFKA_AUTO_OFFSET_RESET           = earliest
2026-06-10 19:50:19 | DEBUG | C05 | CONSUMER_TIMEOUT_SECONDS          = 10
2026-06-10 19:50:19 | DEBUG | C05 | CONSUMER_MAX_MESSAGES             = 1000
2026-06-10 19:50:19 | INFO | C05 | === RUN START ===
2026-06-10 19:50:19 | INFO | C05 | project=C05
2026-06-10 19:50:19 | INFO | C05 | repo_dir=streaming-05-storage-
2026-06-10 19:50:19 | INFO | C05 | python=3.14.4
2026-06-10 19:50:19 | INFO | C05 | os=Windows 11
2026-06-10 19:50:19 | INFO | C05 | shell=powershell
2026-06-10 19:50:19 | INFO | C05 | cwd=.
2026-06-10 19:50:19 | INFO | C05 | github_actions=False
2026-06-10 19:50:19 | INFO | C05 | ========================
2026-06-10 19:50:19 | INFO | C05 | START consumer main()
2026-06-10 19:50:19 | INFO | C05 | ========================
2026-06-10 19:50:19 | INFO | C05 | ROOT_DIR = .
2026-06-10 19:50:19 | INFO | C05 | DATA_DIR = data
2026-06-10 19:50:19 | INFO | C05 | OUTPUT_CSV = data\output\consumed_sales.csv
2026-06-10 19:50:19 | INFO | C05 | OUTPUT_DB = data\output\sales.duckdb
2026-06-10 19:50:19 | INFO | C05 | REGIONS_CSV = data\regions.csv
2026-06-10 19:50:19 | INFO | C05 | PRODUCTS_CSV = data\products.csv
2026-06-10 19:50:19 | INFO | C05 | CURRENCIES_CSV = data\currencies.csv
2026-06-10 19:50:19 | INFO | C05 | DISCOUNT_CODES_CSV = data\discount_codes.csv
2026-06-10 19:50:19 | INFO | C05 | ========================
2026-06-10 19:50:19 | INFO | C05 | SECTION A. Acquire
2026-06-10 19:50:19 | INFO | C05 | ========================
2026-06-10 19:50:19 | INFO | C05 | Loading settings from .env...
2026-06-10 19:50:19 | INFO | C05 | KAFKA_BOOTSTRAP_SERVERS  = localhost:9092
2026-06-10 19:50:19 | INFO | C05 | KAFKA_TOPIC              = streaming-05-storage-case
2026-06-10 19:50:19 | INFO | C05 | KAFKA_GROUP_ID           = streaming-consumer-group-A
2026-06-10 19:50:19 | INFO | C05 | CONSUMER_TIMEOUT_SECONDS = 10.0
2026-06-10 19:50:19 | INFO | C05 | CONSUMER_MAX_MESSAGES    = 1000
2026-06-10 19:50:19 | INFO | C05 | Verifying Kafka connection...
2026-06-10 19:50:19 | INFO | C05 | Kafka port is reachable.
2026-06-10 19:50:19 | INFO | C05 | Verifying Kafka topic...
2026-06-10 23:27:15 | DEBUG | C05 | KAFKA_BOOTSTRAP_SERVERS           = localhost:9092
2026-06-10 23:27:15 | DEBUG | C05 | KAFKA_BROKER_ADDRESS_FAMILY       = v4
2026-06-10 23:27:15 | DEBUG | C05 | KAFKA_TOPIC                       = streaming-05-storage-case
2026-06-10 23:27:15 | DEBUG | C05 | KAFKA_CLEAR_TOPIC_ON_START        = true
2026-06-10 23:27:15 | DEBUG | C05 | PRODUCER_MESSAGE_COUNT            = 3
2026-06-10 23:27:15 | DEBUG | C05 | PRODUCER_MESSAGE_INTERVAL_SECONDS = 2
2026-06-10 23:27:15 | DEBUG | C05 | PRODUCER_MAX_MESSAGES             = 50
2026-06-10 23:27:15 | DEBUG | C05 | PRODUCER_POLL_INTERVAL_SECONDS    = 15
2026-06-10 23:27:15 | DEBUG | C05 | KAFKA_GROUP_ID                    = streaming-consumer-group-A
2026-06-10 23:27:15 | DEBUG | C05 | KAFKA_AUTO_OFFSET_RESET           = earliest
2026-06-10 23:27:15 | DEBUG | C05 | CONSUMER_TIMEOUT_SECONDS          = 10
2026-06-10 23:27:15 | DEBUG | C05 | CONSUMER_MAX_MESSAGES             = 1000
2026-06-10 23:27:15 | INFO | C05 | === RUN START ===
2026-06-10 23:27:15 | INFO | C05 | project=C05
2026-06-10 23:27:15 | INFO | C05 | repo_dir=streaming-05-storage-
2026-06-10 23:27:15 | INFO | C05 | python=3.14.4
2026-06-10 23:27:15 | INFO | C05 | os=Windows 11
2026-06-10 23:27:15 | INFO | C05 | shell=powershell
2026-06-10 23:27:15 | INFO | C05 | cwd=.
2026-06-10 23:27:15 | INFO | C05 | github_actions=False
2026-06-10 23:27:15 | INFO | C05 | ========================
2026-06-10 23:27:15 | INFO | C05 | START consumer main()
2026-06-10 23:27:15 | INFO | C05 | ========================
2026-06-10 23:27:15 | INFO | C05 | ROOT_DIR = .
2026-06-10 23:27:15 | INFO | C05 | DATA_DIR = data
2026-06-10 23:27:15 | INFO | C05 | OUTPUT_CSV = data\output\consumed_sales.csv
2026-06-10 23:27:15 | INFO | C05 | OUTPUT_DB = data\output\sales.duckdb
2026-06-10 23:27:15 | INFO | C05 | REGIONS_CSV = data\regions.csv
2026-06-10 23:27:15 | INFO | C05 | PRODUCTS_CSV = data\products.csv
2026-06-10 23:27:15 | INFO | C05 | CURRENCIES_CSV = data\currencies.csv
2026-06-10 23:27:15 | INFO | C05 | DISCOUNT_CODES_CSV = data\discount_codes.csv
2026-06-10 23:27:15 | INFO | C05 | ========================
2026-06-10 23:27:15 | INFO | C05 | SECTION A. Acquire
2026-06-10 23:27:15 | INFO | C05 | ========================
2026-06-10 23:27:15 | INFO | C05 | Loading settings from .env...
2026-06-10 23:27:15 | INFO | C05 | KAFKA_BOOTSTRAP_SERVERS  = localhost:9092
2026-06-10 23:27:15 | INFO | C05 | KAFKA_TOPIC              = streaming-05-storage-case
2026-06-10 23:27:15 | INFO | C05 | KAFKA_GROUP_ID           = streaming-consumer-group-A
2026-06-10 23:27:15 | INFO | C05 | CONSUMER_TIMEOUT_SECONDS = 10.0
2026-06-10 23:27:15 | INFO | C05 | CONSUMER_MAX_MESSAGES    = 1000
2026-06-10 23:27:15 | INFO | C05 | Verifying Kafka connection...
2026-06-10 23:27:15 | INFO | C05 | Kafka port is reachable.
2026-06-10 23:27:15 | INFO | C05 | Verifying Kafka topic...
2026-06-10 23:32:50 | DEBUG | C05 | KAFKA_BOOTSTRAP_SERVERS           = localhost:9092
2026-06-10 23:32:50 | DEBUG | C05 | KAFKA_BROKER_ADDRESS_FAMILY       = v4
2026-06-10 23:32:50 | DEBUG | C05 | KAFKA_TOPIC                       = streaming-05-storage-case
2026-06-10 23:32:50 | DEBUG | C05 | KAFKA_CLEAR_TOPIC_ON_START        = true
2026-06-10 23:32:50 | DEBUG | C05 | PRODUCER_MESSAGE_COUNT            = 3
2026-06-10 23:32:50 | DEBUG | C05 | PRODUCER_MESSAGE_INTERVAL_SECONDS = 2
2026-06-10 23:32:50 | DEBUG | C05 | PRODUCER_MAX_MESSAGES             = 50
2026-06-10 23:32:50 | DEBUG | C05 | PRODUCER_POLL_INTERVAL_SECONDS    = 15
2026-06-10 23:32:50 | DEBUG | C05 | KAFKA_GROUP_ID                    = streaming-consumer-group-A
2026-06-10 23:32:50 | DEBUG | C05 | KAFKA_AUTO_OFFSET_RESET           = earliest
2026-06-10 23:32:50 | DEBUG | C05 | CONSUMER_TIMEOUT_SECONDS          = 10
2026-06-10 23:32:50 | DEBUG | C05 | CONSUMER_MAX_MESSAGES             = 1000
2026-06-10 23:32:50 | INFO | C05 | === RUN START ===
2026-06-10 23:32:50 | INFO | C05 | project=C05
2026-06-10 23:32:50 | INFO | C05 | repo_dir=streaming-05-storage-
2026-06-10 23:32:51 | INFO | C05 | python=3.14.4
2026-06-10 23:32:51 | INFO | C05 | os=Windows 11
2026-06-10 23:32:51 | INFO | C05 | shell=powershell
2026-06-10 23:32:51 | INFO | C05 | cwd=.
2026-06-10 23:32:51 | INFO | C05 | github_actions=False
2026-06-10 23:32:51 | INFO | C05 | ========================
2026-06-10 23:32:51 | INFO | C05 | START consumer main()
2026-06-10 23:32:51 | INFO | C05 | ========================
2026-06-10 23:32:51 | INFO | C05 | ROOT_DIR = .
2026-06-10 23:32:51 | INFO | C05 | DATA_DIR = data
2026-06-10 23:32:51 | INFO | C05 | OUTPUT_CSV = data\output\consumed_sales.csv
2026-06-10 23:32:51 | INFO | C05 | OUTPUT_DB = data\output\sales.duckdb
2026-06-10 23:32:51 | INFO | C05 | REGIONS_CSV = data\regions.csv
2026-06-10 23:32:51 | INFO | C05 | PRODUCTS_CSV = data\products.csv
2026-06-10 23:32:51 | INFO | C05 | CURRENCIES_CSV = data\currencies.csv
2026-06-10 23:32:51 | INFO | C05 | DISCOUNT_CODES_CSV = data\discount_codes.csv
2026-06-10 23:32:51 | INFO | C05 | ========================
2026-06-10 23:32:51 | INFO | C05 | SECTION A. Acquire
2026-06-10 23:32:51 | INFO | C05 | ========================
2026-06-10 23:32:51 | INFO | C05 | Loading settings from .env...
2026-06-10 23:32:51 | INFO | C05 | KAFKA_BOOTSTRAP_SERVERS  = localhost:9092
2026-06-10 23:32:51 | INFO | C05 | KAFKA_TOPIC              = streaming-05-storage-case
2026-06-10 23:32:51 | INFO | C05 | KAFKA_GROUP_ID           = streaming-consumer-group-A
2026-06-10 23:32:51 | INFO | C05 | CONSUMER_TIMEOUT_SECONDS = 10.0
2026-06-10 23:32:51 | INFO | C05 | CONSUMER_MAX_MESSAGES    = 1000
2026-06-10 23:32:51 | INFO | C05 | Verifying Kafka connection...
2026-06-10 23:32:51 | INFO | C05 | Kafka port is reachable.
2026-06-10 23:32:51 | INFO | C05 | Verifying Kafka topic...
2026-06-10 23:37:20 | DEBUG | C05 | KAFKA_BOOTSTRAP_SERVERS           = localhost:9092
2026-06-10 23:37:20 | DEBUG | C05 | KAFKA_BROKER_ADDRESS_FAMILY       = v4
2026-06-10 23:37:20 | DEBUG | C05 | KAFKA_TOPIC                       = streaming-05-storage-case
2026-06-10 23:37:20 | DEBUG | C05 | KAFKA_CLEAR_TOPIC_ON_START        = true
2026-06-10 23:37:20 | DEBUG | C05 | PRODUCER_MESSAGE_COUNT            = 3
2026-06-10 23:37:20 | DEBUG | C05 | PRODUCER_MESSAGE_INTERVAL_SECONDS = 2
2026-06-10 23:37:20 | DEBUG | C05 | PRODUCER_MAX_MESSAGES             = 50
2026-06-10 23:37:20 | DEBUG | C05 | PRODUCER_POLL_INTERVAL_SECONDS    = 15
2026-06-10 23:37:20 | DEBUG | C05 | KAFKA_GROUP_ID                    = streaming-consumer-group-A
2026-06-10 23:37:20 | DEBUG | C05 | KAFKA_AUTO_OFFSET_RESET           = earliest
2026-06-10 23:37:20 | DEBUG | C05 | CONSUMER_TIMEOUT_SECONDS          = 10
2026-06-10 23:37:20 | DEBUG | C05 | CONSUMER_MAX_MESSAGES             = 1000
2026-06-10 23:37:20 | INFO | C05 | === RUN START ===
2026-06-10 23:37:20 | INFO | C05 | project=C05
2026-06-10 23:37:20 | INFO | C05 | repo_dir=streaming-05-storage-
2026-06-10 23:37:20 | INFO | C05 | python=3.14.4
2026-06-10 23:37:20 | INFO | C05 | os=Windows 11
2026-06-10 23:37:20 | INFO | C05 | shell=powershell
2026-06-10 23:37:20 | INFO | C05 | cwd=.
2026-06-10 23:37:20 | INFO | C05 | github_actions=False
2026-06-10 23:37:20 | INFO | C05 | ========================
2026-06-10 23:37:20 | INFO | C05 | START consumer main()
2026-06-10 23:37:20 | INFO | C05 | ========================
2026-06-10 23:37:20 | INFO | C05 | ROOT_DIR = .
2026-06-10 23:37:20 | INFO | C05 | DATA_DIR = data
2026-06-10 23:37:20 | INFO | C05 | OUTPUT_CSV = data\output\consumed_sales.csv
2026-06-10 23:37:20 | INFO | C05 | OUTPUT_DB = data\output\sales.duckdb
2026-06-10 23:37:20 | INFO | C05 | REGIONS_CSV = data\regions.csv
2026-06-10 23:37:20 | INFO | C05 | PRODUCTS_CSV = data\products.csv
2026-06-10 23:37:20 | INFO | C05 | CURRENCIES_CSV = data\currencies.csv
2026-06-10 23:37:20 | INFO | C05 | DISCOUNT_CODES_CSV = data\discount_codes.csv
2026-06-10 23:37:20 | INFO | C05 | ========================
2026-06-10 23:37:20 | INFO | C05 | SECTION A. Acquire
2026-06-10 23:37:20 | INFO | C05 | ========================
2026-06-10 23:37:20 | INFO | C05 | Loading settings from .env...
2026-06-10 23:37:20 | INFO | C05 | KAFKA_BOOTSTRAP_SERVERS  = localhost:9092
2026-06-10 23:37:20 | INFO | C05 | KAFKA_TOPIC              = streaming-05-storage-case
2026-06-10 23:37:20 | INFO | C05 | KAFKA_GROUP_ID           = streaming-consumer-group-A
2026-06-10 23:37:20 | INFO | C05 | CONSUMER_TIMEOUT_SECONDS = 10.0
2026-06-10 23:37:20 | INFO | C05 | CONSUMER_MAX_MESSAGES    = 1000
2026-06-10 23:37:20 | INFO | C05 | Verifying Kafka connection...
2026-06-10 23:37:20 | INFO | C05 | Kafka port is reachable.
2026-06-10 23:37:20 | INFO | C05 | Verifying Kafka topic...
2026-06-10 23:55:24 | DEBUG | C05 | KAFKA_BOOTSTRAP_SERVERS           = localhost:9092
2026-06-10 23:55:24 | DEBUG | C05 | KAFKA_BROKER_ADDRESS_FAMILY       = v4
2026-06-10 23:55:24 | DEBUG | C05 | KAFKA_TOPIC                       = streaming-05-storage-case
2026-06-10 23:55:24 | DEBUG | C05 | KAFKA_CLEAR_TOPIC_ON_START        = true
2026-06-10 23:55:24 | DEBUG | C05 | PRODUCER_MESSAGE_COUNT            = 3
2026-06-10 23:55:24 | DEBUG | C05 | PRODUCER_MESSAGE_INTERVAL_SECONDS = 2
2026-06-10 23:55:24 | DEBUG | C05 | PRODUCER_MAX_MESSAGES             = 50
2026-06-10 23:55:24 | DEBUG | C05 | PRODUCER_POLL_INTERVAL_SECONDS    = 15
2026-06-10 23:55:24 | DEBUG | C05 | KAFKA_GROUP_ID                    = streaming-consumer-group-A
2026-06-10 23:55:24 | DEBUG | C05 | KAFKA_AUTO_OFFSET_RESET           = earliest
2026-06-10 23:55:24 | DEBUG | C05 | CONSUMER_TIMEOUT_SECONDS          = 10
2026-06-10 23:55:24 | DEBUG | C05 | CONSUMER_MAX_MESSAGES             = 1000
2026-06-10 23:55:24 | INFO | C05 | === RUN START ===
2026-06-10 23:55:24 | INFO | C05 | project=C05
2026-06-10 23:55:24 | INFO | C05 | repo_dir=streaming-05-storage-
2026-06-10 23:55:24 | INFO | C05 | python=3.14.4
2026-06-10 23:55:24 | INFO | C05 | os=Windows 11
2026-06-10 23:55:24 | INFO | C05 | shell=powershell
2026-06-10 23:55:24 | INFO | C05 | cwd=.
2026-06-10 23:55:24 | INFO | C05 | github_actions=False
2026-06-10 23:55:24 | INFO | C05 | ========================
2026-06-10 23:55:24 | INFO | C05 | START consumer main()
2026-06-10 23:55:24 | INFO | C05 | ========================
2026-06-10 23:55:24 | INFO | C05 | ROOT_DIR = .
2026-06-10 23:55:24 | INFO | C05 | DATA_DIR = data
2026-06-10 23:55:24 | INFO | C05 | OUTPUT_CSV = data\output\consumed_sales.csv
2026-06-10 23:55:24 | INFO | C05 | OUTPUT_DB = data\output\sales.duckdb
2026-06-10 23:55:24 | INFO | C05 | REGIONS_CSV = data\regions.csv
2026-06-10 23:55:24 | INFO | C05 | PRODUCTS_CSV = data\products.csv
2026-06-10 23:55:24 | INFO | C05 | CURRENCIES_CSV = data\currencies.csv
2026-06-10 23:55:24 | INFO | C05 | DISCOUNT_CODES_CSV = data\discount_codes.csv
2026-06-10 23:55:24 | INFO | C05 | ========================
2026-06-10 23:55:24 | INFO | C05 | SECTION A. Acquire
2026-06-10 23:55:24 | INFO | C05 | ========================
2026-06-10 23:55:24 | INFO | C05 | Loading settings from .env...
2026-06-10 23:55:24 | INFO | C05 | KAFKA_BOOTSTRAP_SERVERS  = localhost:9092
2026-06-10 23:55:24 | INFO | C05 | KAFKA_TOPIC              = streaming-05-storage-case
2026-06-10 23:55:24 | INFO | C05 | KAFKA_GROUP_ID           = streaming-consumer-group-A
2026-06-10 23:55:24 | INFO | C05 | CONSUMER_TIMEOUT_SECONDS = 10.0
2026-06-10 23:55:24 | INFO | C05 | CONSUMER_MAX_MESSAGES    = 1000
2026-06-10 23:55:24 | INFO | C05 | Verifying Kafka connection...
2026-06-10 23:55:24 | INFO | C05 | Kafka port is reachable.
2026-06-10 23:55:24 | INFO | C05 | Verifying Kafka topic...
2026-06-10 23:55:27 | INFO | C05 | Topic 'streaming-05-storage-case' exists.
2026-06-10 23:55:27 | INFO | C05 | Found 1 message(s) available.
2026-06-10 23:55:27 | INFO | C05 | Creating Kafka consumer...
2026-06-10 23:55:27 | INFO | C05 | Subscribed to topic: 'streaming-05-storage-case' (reading from beginning)
2026-06-10 23:55:27 | INFO | C05 | ========================
2026-06-10 23:55:27 | INFO | C05 | SECTION C. Consume and Process Messages
2026-06-10 23:55:27 | INFO | C05 | ========================
2026-06-10 23:55:27 | INFO | C05 | Initializing output...
2026-06-10 23:55:27 | INFO | C05 | Output CSV cleared: consumed_sales.csv
2026-06-10 23:55:27 | INFO | C05 | Database initialized: sales.duckdb
2026-06-10 23:55:27 | INFO | C05 | Loading enrichment reference data...
2026-06-10 23:55:27 | INFO | C05 | Found 6 region tax rates.
2026-06-10 23:55:27 | INFO | C05 | Consuming messages...
2026-06-10 23:55:27 | INFO | C05 | Waiting for up to 1000 message(s).
2026-06-10 23:55:27 | INFO | C05 | Press CTRL+C to stop early.

2026-06-10 23:55:37 | INFO | C05 | No message received within 10.0s timeout.
2026-06-10 23:55:37 | INFO | C05 | Producer finished or paused. Stopping consumer.
2026-06-10 23:55:37 | INFO | C05 | Kafka consumer closed.
2026-06-10 23:55:37 | INFO | C05 | Saving artifacts...
2026-06-10 23:55:37 | INFO | C05 | WROTE OUTPUT_CSV = data\output\consumed_sales.csv
2026-06-10 23:55:37 | INFO | C05 | WROTE OUTPUT_DB = data\output\sales.duckdb
2026-06-10 23:55:37 | INFO | C05 | ========================
2026-06-10 23:55:37 | INFO | C05 | SECTION E. Exit
2026-06-10 23:55:37 | INFO | C05 | ========================
2026-06-10 23:55:37 | INFO | C05 | Summary:
2026-06-10 23:55:37 | INFO | C05 | Consumed 0 message(s) from topic 'streaming-05-storage-case'.
2026-06-10 23:55:37 | INFO | C05 | Skipped  0 message(s).
2026-06-10 23:55:37 | INFO | C05 | OUTPUT_CSV = data\output\consumed_sales.csv
2026-06-10 23:55:37 | INFO | C05 | ========================
2026-06-10 23:55:37 | INFO | C05 | Consumer executed successfully!
2026-06-10 23:55:37 | INFO | C05 | ========================
2026-06-10 23:57:07 | DEBUG | P03 | KAFKA_BOOTSTRAP_SERVERS           = localhost:9092
2026-06-10 23:57:07 | DEBUG | P03 | KAFKA_BROKER_ADDRESS_FAMILY       = v4
2026-06-10 23:57:07 | DEBUG | P03 | KAFKA_TOPIC                       = streaming-05-storage-case
2026-06-10 23:57:07 | DEBUG | P03 | KAFKA_CLEAR_TOPIC_ON_START        = true
2026-06-10 23:57:07 | DEBUG | P03 | PRODUCER_MESSAGE_COUNT            = 3
2026-06-10 23:57:07 | DEBUG | P03 | PRODUCER_MESSAGE_INTERVAL_SECONDS = 2
2026-06-10 23:57:07 | DEBUG | P03 | PRODUCER_MAX_MESSAGES             = 50
2026-06-10 23:57:07 | DEBUG | P03 | PRODUCER_POLL_INTERVAL_SECONDS    = 15
2026-06-10 23:57:07 | DEBUG | P03 | KAFKA_GROUP_ID                    = streaming-consumer-group-A
2026-06-10 23:57:07 | DEBUG | P03 | KAFKA_AUTO_OFFSET_RESET           = earliest
2026-06-10 23:57:07 | DEBUG | P03 | CONSUMER_TIMEOUT_SECONDS          = 10
2026-06-10 23:57:07 | DEBUG | P03 | CONSUMER_MAX_MESSAGES             = 1000
2026-06-10 23:57:07 | INFO | P03 | === RUN START ===
2026-06-10 23:57:07 | INFO | P03 | project=P03
2026-06-10 23:57:07 | INFO | P03 | repo_dir=streaming-05-storage-
2026-06-10 23:57:07 | INFO | P03 | python=3.14.4
2026-06-10 23:57:07 | INFO | P03 | os=Windows 11
2026-06-10 23:57:07 | INFO | P03 | shell=powershell
2026-06-10 23:57:07 | INFO | P03 | cwd=.
2026-06-10 23:57:07 | INFO | P03 | github_actions=False
2026-06-10 23:57:07 | INFO | P03 | ========================
2026-06-10 23:57:07 | INFO | P03 | START producer main()
2026-06-10 23:57:07 | INFO | P03 | ========================
2026-06-10 23:57:07 | INFO | P03 | ROOT_DIR = .
2026-06-10 23:57:07 | INFO | P03 | DATA_DIR = data
2026-06-10 23:57:07 | INFO | P03 | SALES_CSV = data\sales.csv
2026-06-10 23:57:07 | INFO | P03 | REGIONS_CSV = data\regions.csv
2026-06-10 23:57:07 | INFO | P03 | PRODUCTS_CSV = data\products.csv
2026-06-10 23:57:07 | INFO | P03 | REJECTED_SALES_CSV = data\output\producer_rejected_sales.csv
2026-06-10 23:57:07 | INFO | P03 | ========================
2026-06-10 23:57:07 | INFO | P03 | SECTION A. Acquire
2026-06-10 23:57:07 | INFO | P03 | ========================
2026-06-10 23:57:07 | INFO | P03 | Loading settings from .env...
2026-06-10 23:57:07 | INFO | P03 | KAFKA_BOOTSTRAP_SERVERS           = localhost:9092
2026-06-10 23:57:07 | INFO | P03 | KAFKA_TOPIC                       = streaming-05-storage-case
2026-06-10 23:57:07 | INFO | P03 | PRODUCER_MESSAGE_COUNT            = 3
2026-06-10 23:57:07 | INFO | P03 | PRODUCER_MESSAGE_INTERVAL_SECONDS = 2.0
2026-06-10 23:57:07 | INFO | P03 | KAFKA_CLEAR_TOPIC_ON_START        = True
2026-06-10 23:57:07 | INFO | P03 | Verifying Kafka connection...
2026-06-10 23:57:07 | INFO | P03 | Kafka port is reachable.
2026-06-10 23:57:14 | INFO | P03 | Loading validation reference data...
2026-06-10 23:57:14 | INFO | P03 | Found 6 valid regions, 6 valid products.
2026-06-10 23:57:14 | INFO | P03 | ========================
2026-06-10 23:57:14 | INFO | P03 | SECTION P. Produce Messages
2026-06-10 23:57:14 | INFO | P03 | ========================
2026-06-10 23:57:14 | INFO | P03 | Initializing output...
2026-06-10 23:57:14 | INFO | P03 | Output directory ready: output
2026-06-10 23:57:14 | INFO | P03 | Sending messages...
2026-06-10 23:57:14 | INFO | P03 | Sending up to 3 message(s) to topic 'streaming-05-storage-case'.
2026-06-10 23:57:14 | INFO | P03 | Watch each sale arrive. Press CTRL+C to stop early.

2026-06-10 23:57:14 | INFO | P03 | {
  order_id: e7324981-a9f0-419f-b708-d0a333451fff
  datetime: 2026-05-04T08:11:00Z
  region_id: US-TX
  currency_code: USD
  product_id: PY-STREAM-005
  unit_price: 59.99
  quantity: 3
  is_online: true
  customer_id: CUST-4150
  is_new_customer: false
  device_type: tablet
  payment_method: paypal
  referral_source: paid_search
  discount_code: 
  customer_note: Gift for my team
}
2026-06-10 23:57:14 | INFO | P03 |   Sending message with key=US-TX
2026-06-10 23:57:20 | ERROR | P03 | !!!!!!!!!!!!!!!!!!!!!!!!!!!!!!!!!
The message was generated, but Kafka did not accept it.
Kafka did not confirm message delivery.
Details:
    KafkaError{code=_MSG_TIMED_OUT,val=-192,str="Local: Message timed out"}

CHECK:
1. Confirm Kafka is running.
2. Confirm the topic exists.
3. Confirm the broker is reachable at localhost:9092.
4. Try MANAGE_TOPIC.md to verify Kafka independently of Python.
!!!!!!!!!!!!!!!!!!!!!!!!!!!!!!!!!
2026-06-10 23:57:20 | ERROR | P03 | Producer stopped before completing all messages.
2026-06-11 00:01:30 | DEBUG | P03 | KAFKA_BOOTSTRAP_SERVERS           = 172.23.179.180:9092
2026-06-11 00:01:30 | DEBUG | P03 | KAFKA_BROKER_ADDRESS_FAMILY       = v4
2026-06-11 00:01:30 | DEBUG | P03 | KAFKA_TOPIC                       = streaming-05-storage-case
2026-06-11 00:01:30 | DEBUG | P03 | KAFKA_CLEAR_TOPIC_ON_START        = true
2026-06-11 00:01:30 | DEBUG | P03 | PRODUCER_MESSAGE_COUNT            = 3
2026-06-11 00:01:30 | DEBUG | P03 | PRODUCER_MESSAGE_INTERVAL_SECONDS = 2
2026-06-11 00:01:30 | DEBUG | P03 | PRODUCER_MAX_MESSAGES             = 50
2026-06-11 00:01:30 | DEBUG | P03 | PRODUCER_POLL_INTERVAL_SECONDS    = 15
2026-06-11 00:01:30 | DEBUG | P03 | KAFKA_GROUP_ID                    = streaming-consumer-group-A
2026-06-11 00:01:30 | DEBUG | P03 | KAFKA_AUTO_OFFSET_RESET           = earliest
2026-06-11 00:01:30 | DEBUG | P03 | CONSUMER_TIMEOUT_SECONDS          = 10
2026-06-11 00:01:30 | DEBUG | P03 | CONSUMER_MAX_MESSAGES             = 1000
2026-06-11 00:01:30 | INFO | P03 | === RUN START ===
2026-06-11 00:01:30 | INFO | P03 | project=P03
2026-06-11 00:01:30 | INFO | P03 | repo_dir=streaming-05-storage-
2026-06-11 00:01:30 | INFO | P03 | python=3.14.4
2026-06-11 00:01:30 | INFO | P03 | os=Windows 11
2026-06-11 00:01:30 | INFO | P03 | shell=powershell
2026-06-11 00:01:30 | INFO | P03 | cwd=.
2026-06-11 00:01:30 | INFO | P03 | github_actions=False
2026-06-11 00:01:30 | INFO | P03 | ========================
2026-06-11 00:01:30 | INFO | P03 | START producer main()
2026-06-11 00:01:30 | INFO | P03 | ========================
2026-06-11 00:01:30 | INFO | P03 | ROOT_DIR = .
2026-06-11 00:01:30 | INFO | P03 | DATA_DIR = data
2026-06-11 00:01:30 | INFO | P03 | SALES_CSV = data\sales.csv
2026-06-11 00:01:30 | INFO | P03 | REGIONS_CSV = data\regions.csv
2026-06-11 00:01:30 | INFO | P03 | PRODUCTS_CSV = data\products.csv
2026-06-11 00:01:30 | INFO | P03 | REJECTED_SALES_CSV = data\output\producer_rejected_sales.csv
2026-06-11 00:01:30 | INFO | P03 | ========================
2026-06-11 00:01:30 | INFO | P03 | SECTION A. Acquire
2026-06-11 00:01:30 | INFO | P03 | ========================
2026-06-11 00:01:30 | INFO | P03 | Loading settings from .env...
2026-06-11 00:01:30 | INFO | P03 | KAFKA_BOOTSTRAP_SERVERS           = 172.23.179.180:9092
2026-06-11 00:01:30 | INFO | P03 | KAFKA_TOPIC                       = streaming-05-storage-case
2026-06-11 00:01:30 | INFO | P03 | PRODUCER_MESSAGE_COUNT            = 3
2026-06-11 00:01:30 | INFO | P03 | PRODUCER_MESSAGE_INTERVAL_SECONDS = 2.0
2026-06-11 00:01:30 | INFO | P03 | KAFKA_CLEAR_TOPIC_ON_START        = True
2026-06-11 00:01:30 | INFO | P03 | Verifying Kafka connection...
2026-06-11 00:01:30 | INFO | P03 | Kafka port is reachable.
2026-06-11 00:01:35 | INFO | P03 | Loading validation reference data...
2026-06-11 00:01:35 | INFO | P03 | Found 6 valid regions, 6 valid products.
2026-06-11 00:01:35 | INFO | P03 | ========================
2026-06-11 00:01:35 | INFO | P03 | SECTION P. Produce Messages
2026-06-11 00:01:35 | INFO | P03 | ========================
2026-06-11 00:01:35 | INFO | P03 | Initializing output...
2026-06-11 00:01:35 | INFO | P03 | Output directory ready: output
2026-06-11 00:01:35 | INFO | P03 | Sending messages...
2026-06-11 00:01:35 | INFO | P03 | Sending up to 3 message(s) to topic 'streaming-05-storage-case'.
2026-06-11 00:01:35 | INFO | P03 | Watch each sale arrive. Press CTRL+C to stop early.

2026-06-11 00:01:35 | INFO | P03 | {
  order_id: e7324981-a9f0-419f-b708-d0a333451fff
  datetime: 2026-05-04T08:11:00Z
  region_id: US-TX
  currency_code: USD
  product_id: PY-STREAM-005
  unit_price: 59.99
  quantity: 3
  is_online: true
  customer_id: CUST-4150
  is_new_customer: false
  device_type: tablet
  payment_method: paypal
  referral_source: paid_search
  discount_code: 
  customer_note: Gift for my team
}
2026-06-11 00:01:35 | INFO | P03 |   Sending message with key=US-TX
2026-06-11 00:01:40 | ERROR | P03 | !!!!!!!!!!!!!!!!!!!!!!!!!!!!!!!!!
The message was generated, but Kafka did not accept it.
Kafka did not confirm message delivery.
Details:
    KafkaError{code=_MSG_TIMED_OUT,val=-192,str="Local: Message timed out"}

CHECK:
1. Confirm Kafka is running.
2. Confirm the topic exists.
3. Confirm the broker is reachable at localhost:9092.
4. Try MANAGE_TOPIC.md to verify Kafka independently of Python.
!!!!!!!!!!!!!!!!!!!!!!!!!!!!!!!!!
2026-06-11 00:01:40 | ERROR | P03 | Producer stopped before completing all messages.
2026-06-11 00:16:19 | DEBUG | P03 | KAFKA_BOOTSTRAP_SERVERS           = 172.23.179.180:9092
2026-06-11 00:16:19 | DEBUG | P03 | KAFKA_BROKER_ADDRESS_FAMILY       = v4
2026-06-11 00:16:19 | DEBUG | P03 | KAFKA_TOPIC                       = streaming-05-storage-case
2026-06-11 00:16:19 | DEBUG | P03 | KAFKA_CLEAR_TOPIC_ON_START        = true
2026-06-11 00:16:19 | DEBUG | P03 | PRODUCER_MESSAGE_COUNT            = 3
2026-06-11 00:16:19 | DEBUG | P03 | PRODUCER_MESSAGE_INTERVAL_SECONDS = 2
2026-06-11 00:16:19 | DEBUG | P03 | PRODUCER_MAX_MESSAGES             = 50
2026-06-11 00:16:19 | DEBUG | P03 | PRODUCER_POLL_INTERVAL_SECONDS    = 15
2026-06-11 00:16:19 | DEBUG | P03 | KAFKA_GROUP_ID                    = streaming-consumer-group-A
2026-06-11 00:16:19 | DEBUG | P03 | KAFKA_AUTO_OFFSET_RESET           = earliest
2026-06-11 00:16:19 | DEBUG | P03 | CONSUMER_TIMEOUT_SECONDS          = 10
2026-06-11 00:16:19 | DEBUG | P03 | CONSUMER_MAX_MESSAGES             = 1000
2026-06-11 00:16:19 | INFO | P03 | === RUN START ===
2026-06-11 00:16:19 | INFO | P03 | project=P03
2026-06-11 00:16:19 | INFO | P03 | repo_dir=streaming-05-storage-
2026-06-11 00:16:19 | INFO | P03 | python=3.14.4
2026-06-11 00:16:19 | INFO | P03 | os=Windows 11
2026-06-11 00:16:19 | INFO | P03 | shell=powershell
2026-06-11 00:16:19 | INFO | P03 | cwd=.
2026-06-11 00:16:19 | INFO | P03 | github_actions=False
2026-06-11 00:16:19 | INFO | P03 | ========================
2026-06-11 00:16:19 | INFO | P03 | START producer main()
2026-06-11 00:16:19 | INFO | P03 | ========================
2026-06-11 00:16:19 | INFO | P03 | ROOT_DIR = .
2026-06-11 00:16:19 | INFO | P03 | DATA_DIR = data
2026-06-11 00:16:19 | INFO | P03 | SALES_CSV = data\sales.csv
2026-06-11 00:16:19 | INFO | P03 | REGIONS_CSV = data\regions.csv
2026-06-11 00:16:19 | INFO | P03 | PRODUCTS_CSV = data\products.csv
2026-06-11 00:16:19 | INFO | P03 | REJECTED_SALES_CSV = data\output\producer_rejected_sales.csv
2026-06-11 00:16:19 | INFO | P03 | ========================
2026-06-11 00:16:19 | INFO | P03 | SECTION A. Acquire
2026-06-11 00:16:19 | INFO | P03 | ========================
2026-06-11 00:16:19 | INFO | P03 | Loading settings from .env...
2026-06-11 00:16:19 | INFO | P03 | KAFKA_BOOTSTRAP_SERVERS           = 172.23.179.180:9092
2026-06-11 00:16:19 | INFO | P03 | KAFKA_TOPIC                       = streaming-05-storage-case
2026-06-11 00:16:19 | INFO | P03 | PRODUCER_MESSAGE_COUNT            = 3
2026-06-11 00:16:19 | INFO | P03 | PRODUCER_MESSAGE_INTERVAL_SECONDS = 2.0
2026-06-11 00:16:19 | INFO | P03 | KAFKA_CLEAR_TOPIC_ON_START        = True
2026-06-11 00:16:19 | INFO | P03 | Verifying Kafka connection...
2026-06-11 00:16:19 | INFO | P03 | Kafka port is reachable.
2026-06-11 00:16:20 | INFO | P03 | Loading validation reference data...
2026-06-11 00:16:20 | INFO | P03 | Found 6 valid regions, 6 valid products.
2026-06-11 00:16:20 | INFO | P03 | ========================
2026-06-11 00:16:20 | INFO | P03 | SECTION P. Produce Messages
2026-06-11 00:16:20 | INFO | P03 | ========================
2026-06-11 00:16:20 | INFO | P03 | Initializing output...
2026-06-11 00:16:20 | INFO | P03 | Output directory ready: output
2026-06-11 00:16:20 | INFO | P03 | Sending messages...
2026-06-11 00:16:20 | INFO | P03 | Sending up to 3 message(s) to topic 'streaming-05-storage-case'.
2026-06-11 00:16:20 | INFO | P03 | Watch each sale arrive. Press CTRL+C to stop early.

2026-06-11 00:16:20 | INFO | P03 | {
  order_id: e7324981-a9f0-419f-b708-d0a333451fff
  datetime: 2026-05-04T08:11:00Z
  region_id: US-TX
  currency_code: USD
  product_id: PY-STREAM-005
  unit_price: 59.99
  quantity: 3
  is_online: true
  customer_id: CUST-4150
  is_new_customer: false
  device_type: tablet
  payment_method: paypal
  referral_source: paid_search
  discount_code: 
  customer_note: Gift for my team
}
2026-06-11 00:16:20 | INFO | P03 |   Sending message with key=US-TX
2026-06-11 00:16:20 | INFO | P03 |   MESSAGE SENT  sent=1
2026-06-11 00:16:22 | INFO | P03 | {
  order_id: d61943e0-f543-4b5f-9c9a-18605ea4cfe5
  datetime: 2026-05-04T08:23:00Z
  region_id: US-TX
  currency_code: USD
  product_id: PY-DATA-002
  unit_price: 49.99
  quantity: 1
  is_online: true
  customer_id: CUST-1106
  is_new_customer: false
  device_type: mobile
  payment_method: paypal
  referral_source: paid_search
  discount_code: 
  customer_note: Gift for my team
}
2026-06-11 00:16:22 | INFO | P03 |   Sending message with key=US-TX
2026-06-11 00:16:22 | INFO | P03 |   MESSAGE SENT  sent=2
2026-06-11 00:16:24 | INFO | P03 | {
  order_id: 14da1915-8e74-47be-9e10-f7275d31af46
  datetime: 2026-05-04T08:28:00Z
  region_id: CA-QC
  currency_code: CAD
  product_id: PY-NLP-006
  unit_price: 54.99
  quantity: 1
  is_online: true
  customer_id: CUST-2133
  is_new_customer: false
  device_type: desktop
  payment_method: paypal
  referral_source: organic
  discount_code: 
  customer_note: Learning at my own pace
}
2026-06-11 00:16:24 | INFO | P03 |   Sending message with key=CA-QC
2026-06-11 00:16:24 | INFO | P03 |   MESSAGE SENT  sent=3
2026-06-11 00:16:26 | INFO | P03 | Checking for rejected records...
2026-06-11 00:16:26 | INFO | P03 |   No records rejected.
2026-06-11 00:16:26 | INFO | P03 | ========================
2026-06-11 00:16:26 | INFO | P03 | SECTION E. Exit
2026-06-11 00:16:26 | INFO | P03 | ========================
2026-06-11 00:16:26 | INFO | P03 | Summary:
2026-06-11 00:16:26 | INFO | P03 | Sent 3 message(s) to topic 'streaming-05-storage-case'.
2026-06-11 00:16:26 | INFO | P03 | Rejected 0 message(s).
2026-06-11 00:16:26 | INFO | P03 | ========================
2026-06-11 00:16:26 | INFO | P03 | Producer executed successfully!
2026-06-11 00:16:26 | INFO | P03 | ========================
2026-06-11 00:18:04 | DEBUG | C05 | KAFKA_BOOTSTRAP_SERVERS           = 172.23.179.180:9092
2026-06-11 00:18:04 | DEBUG | C05 | KAFKA_BROKER_ADDRESS_FAMILY       = v4
2026-06-11 00:18:04 | DEBUG | C05 | KAFKA_TOPIC                       = streaming-05-storage-case
2026-06-11 00:18:04 | DEBUG | C05 | KAFKA_CLEAR_TOPIC_ON_START        = true
2026-06-11 00:18:04 | DEBUG | C05 | PRODUCER_MESSAGE_COUNT            = 3
2026-06-11 00:18:04 | DEBUG | C05 | PRODUCER_MESSAGE_INTERVAL_SECONDS = 2
2026-06-11 00:18:04 | DEBUG | C05 | PRODUCER_MAX_MESSAGES             = 50
2026-06-11 00:18:04 | DEBUG | C05 | PRODUCER_POLL_INTERVAL_SECONDS    = 15
2026-06-11 00:18:04 | DEBUG | C05 | KAFKA_GROUP_ID                    = streaming-consumer-group-A
2026-06-11 00:18:04 | DEBUG | C05 | KAFKA_AUTO_OFFSET_RESET           = earliest
2026-06-11 00:18:04 | DEBUG | C05 | CONSUMER_TIMEOUT_SECONDS          = 10
2026-06-11 00:18:04 | DEBUG | C05 | CONSUMER_MAX_MESSAGES             = 1000
2026-06-11 00:18:04 | INFO | C05 | === RUN START ===
2026-06-11 00:18:04 | INFO | C05 | project=C05
2026-06-11 00:18:04 | INFO | C05 | repo_dir=streaming-05-storage-
2026-06-11 00:18:04 | INFO | C05 | python=3.14.4
2026-06-11 00:18:04 | INFO | C05 | os=Windows 11
2026-06-11 00:18:04 | INFO | C05 | shell=powershell
2026-06-11 00:18:04 | INFO | C05 | cwd=.
2026-06-11 00:18:04 | INFO | C05 | github_actions=False
2026-06-11 00:18:04 | INFO | C05 | ========================
2026-06-11 00:18:04 | INFO | C05 | START consumer main()
2026-06-11 00:18:04 | INFO | C05 | ========================
2026-06-11 00:18:04 | INFO | C05 | ROOT_DIR = .
2026-06-11 00:18:04 | INFO | C05 | DATA_DIR = data
2026-06-11 00:18:04 | INFO | C05 | OUTPUT_CSV = data\output\consumed_sales.csv
2026-06-11 00:18:04 | INFO | C05 | OUTPUT_DB = data\output\sales.duckdb
2026-06-11 00:18:04 | INFO | C05 | REGIONS_CSV = data\regions.csv
2026-06-11 00:18:04 | INFO | C05 | PRODUCTS_CSV = data\products.csv
2026-06-11 00:18:04 | INFO | C05 | CURRENCIES_CSV = data\currencies.csv
2026-06-11 00:18:04 | INFO | C05 | DISCOUNT_CODES_CSV = data\discount_codes.csv
2026-06-11 00:18:04 | INFO | C05 | ========================
2026-06-11 00:18:04 | INFO | C05 | SECTION A. Acquire
2026-06-11 00:18:04 | INFO | C05 | ========================
2026-06-11 00:18:04 | INFO | C05 | Loading settings from .env...
2026-06-11 00:18:04 | INFO | C05 | KAFKA_BOOTSTRAP_SERVERS  = 172.23.179.180:9092
2026-06-11 00:18:04 | INFO | C05 | KAFKA_TOPIC              = streaming-05-storage-case
2026-06-11 00:18:04 | INFO | C05 | KAFKA_GROUP_ID           = streaming-consumer-group-A
2026-06-11 00:18:04 | INFO | C05 | CONSUMER_TIMEOUT_SECONDS = 10.0
2026-06-11 00:18:04 | INFO | C05 | CONSUMER_MAX_MESSAGES    = 1000
2026-06-11 00:18:04 | INFO | C05 | Verifying Kafka connection...
2026-06-11 00:18:04 | INFO | C05 | Kafka port is reachable.
2026-06-11 00:18:04 | INFO | C05 | Verifying Kafka topic...
2026-06-11 00:18:04 | INFO | C05 | Topic 'streaming-05-storage-case' exists.
2026-06-11 00:18:04 | INFO | C05 | Found 3 message(s) available.
2026-06-11 00:18:04 | INFO | C05 | Creating Kafka consumer...
2026-06-11 00:18:04 | INFO | C05 | Subscribed to topic: 'streaming-05-storage-case' (reading from beginning)
2026-06-11 00:18:04 | INFO | C05 | ========================
2026-06-11 00:18:04 | INFO | C05 | SECTION C. Consume and Process Messages
2026-06-11 00:18:04 | INFO | C05 | ========================
2026-06-11 00:18:04 | INFO | C05 | Initializing output...
2026-06-11 00:18:04 | INFO | C05 | Output CSV cleared: consumed_sales.csv
2026-06-11 00:18:04 | INFO | C05 | Database initialized: sales.duckdb
2026-06-11 00:18:04 | INFO | C05 | Loading enrichment reference data...
2026-06-11 00:18:04 | INFO | C05 | Found 6 region tax rates.
2026-06-11 00:18:04 | INFO | C05 | Consuming messages...
2026-06-11 00:18:04 | INFO | C05 | Waiting for up to 1000 message(s).
2026-06-11 00:18:04 | INFO | C05 | Press CTRL+C to stop early.

2026-06-11 00:18:07 | INFO | C05 | {'currency_code': 'USD', 'customer_id': 'CUST-4150', 'customer_note': 'Gift for my team', 'datetime': '2026-05-04T08:11:00Z', 'device_type': 'tablet', 'discount_code': '', 'is_new_customer': 'false', 'is_online': 'true', 'order_id': 'e7324981-a9f0-419f-b708-d0a333451fff', 'payment_method': 'paypal', 'product_id': 'PY-STREAM-005', 'quantity': '3', 'referral_source': 'paid_search', 'region_id': 'US-TX', 'unit_price': '59.99', '_kafka_key': 'US-TX', '_kafka_partition': 0, '_kafka_offset': 0}
2026-06-11 00:18:07 | INFO | C05 | subtotal=179.97
2026-06-11 00:18:07 | INFO | C05 | tax=14.85
2026-06-11 00:18:07 | INFO | C05 | total=194.82
2026-06-11 00:18:07 | INFO | C05 | running_total=194.82
2026-06-11 00:18:07 | INFO | C05 | Wrote valid record to DuckDB:
2026-06-11 00:18:07 | INFO | C05 |   order=e7324981-a9f0-419f-b708-d0a333451fff
2026-06-11 00:18:07 | INFO | C05 | MESSAGE ACCEPTED
2026-06-11 00:18:07 | INFO | C05 | order=e7324981-a9f0-419f-b708-d0a333451fff
2026-06-11 00:18:07 | INFO | C05 | total=$194.82
2026-06-11 00:18:07 | INFO | C05 | consumed=1
2026-06-11 00:18:07 | INFO | C05 | RUNNING STATS
2026-06-11 00:18:07 | INFO | C05 | total_sales=$194.82
2026-06-11 00:18:07 | INFO | C05 | average=$194.82
2026-06-11 00:18:07 | INFO | C05 | min=$194.82
2026-06-11 00:18:07 | INFO | C05 | max=$194.82
2026-06-11 00:18:07 | INFO | C05 | {'currency_code': 'USD', 'customer_id': 'CUST-1106', 'customer_note': 'Gift for my team', 'datetime': '2026-05-04T08:23:00Z', 'device_type': 'mobile', 'discount_code': '', 'is_new_customer': 'false', 'is_online': 'true', 'order_id': 'd61943e0-f543-4b5f-9c9a-18605ea4cfe5', 'payment_method': 'paypal', 'product_id': 'PY-DATA-002', 'quantity': '1', 'referral_source': 'paid_search', 'region_id': 'US-TX', 'unit_price': '49.99', '_kafka_key': 'US-TX', '_kafka_partition': 0, '_kafka_offset': 1}
2026-06-11 00:18:07 | INFO | C05 | subtotal=49.99
2026-06-11 00:18:07 | INFO | C05 | tax=4.12
2026-06-11 00:18:07 | INFO | C05 | total=54.11
2026-06-11 00:18:07 | INFO | C05 | running_total=248.93
2026-06-11 00:18:08 | INFO | C05 | Wrote valid record to DuckDB:
2026-06-11 00:18:08 | INFO | C05 |   order=d61943e0-f543-4b5f-9c9a-18605ea4cfe5
2026-06-11 00:18:08 | INFO | C05 | MESSAGE ACCEPTED
2026-06-11 00:18:08 | INFO | C05 | order=d61943e0-f543-4b5f-9c9a-18605ea4cfe5
2026-06-11 00:18:08 | INFO | C05 | total=$54.11
2026-06-11 00:18:08 | INFO | C05 | consumed=2
2026-06-11 00:18:08 | INFO | C05 | RUNNING STATS
2026-06-11 00:18:08 | INFO | C05 | total_sales=$248.93
2026-06-11 00:18:08 | INFO | C05 | average=$124.47
2026-06-11 00:18:08 | INFO | C05 | min=$54.11
2026-06-11 00:18:08 | INFO | C05 | max=$194.82
2026-06-11 00:18:08 | INFO | C05 | {'currency_code': 'CAD', 'customer_id': 'CUST-2133', 'customer_note': 'Learning at my own pace', 'datetime': '2026-05-04T08:28:00Z', 'device_type': 'desktop', 'discount_code': '', 'is_new_customer': 'false', 'is_online': 'true', 'order_id': '14da1915-8e74-47be-9e10-f7275d31af46', 'payment_method': 'paypal', 'product_id': 'PY-NLP-006', 'quantity': '1', 'referral_source': 'organic', 'region_id': 'CA-QC', 'unit_price': '54.99', '_kafka_key': 'CA-QC', '_kafka_partition': 0, '_kafka_offset': 2}
2026-06-11 00:18:08 | INFO | C05 | subtotal=54.99
2026-06-11 00:18:08 | INFO | C05 | tax=8.23
2026-06-11 00:18:08 | INFO | C05 | total=63.22
2026-06-11 00:18:08 | INFO | C05 | running_total=312.15
2026-06-11 00:18:08 | INFO | C05 | Wrote valid record to DuckDB:
2026-06-11 00:18:08 | INFO | C05 |   order=14da1915-8e74-47be-9e10-f7275d31af46
2026-06-11 00:18:08 | INFO | C05 | MESSAGE ACCEPTED
2026-06-11 00:18:08 | INFO | C05 | order=14da1915-8e74-47be-9e10-f7275d31af46
2026-06-11 00:18:08 | INFO | C05 | total=$63.22
2026-06-11 00:18:08 | INFO | C05 | consumed=3
2026-06-11 00:18:08 | INFO | C05 | RUNNING STATS
2026-06-11 00:18:08 | INFO | C05 | total_sales=$312.15
2026-06-11 00:18:08 | INFO | C05 | average=$104.05
2026-06-11 00:18:08 | INFO | C05 | min=$54.11
2026-06-11 00:18:08 | INFO | C05 | max=$194.82
2026-06-11 00:18:18 | INFO | C05 | No message received within 10.0s timeout.
2026-06-11 00:18:18 | INFO | C05 | Producer finished or paused. Stopping consumer.
2026-06-11 00:18:18 | INFO | C05 | Kafka consumer closed.
2026-06-11 00:18:18 | INFO | C05 | Saving artifacts...
2026-06-11 00:18:18 | INFO | C05 | WROTE OUTPUT_CSV = data\output\consumed_sales.csv
2026-06-11 00:18:18 | INFO | C05 | WROTE OUTPUT_DB = data\output\sales.duckdb
2026-06-11 00:18:18 | INFO | C05 | ========================
2026-06-11 00:18:18 | INFO | C05 | SECTION E. Exit
2026-06-11 00:18:18 | INFO | C05 | ========================
2026-06-11 00:18:18 | INFO | C05 | Summary:
2026-06-11 00:18:18 | INFO | C05 | Consumed 3 message(s) from topic 'streaming-05-storage-case'.
2026-06-11 00:18:18 | INFO | C05 | Skipped  0 message(s).
2026-06-11 00:18:18 | INFO | C05 | OUTPUT_CSV = data\output\consumed_sales.csv
2026-06-11 00:18:18 | INFO | C05 |   Total sales:  $312.15
2026-06-11 00:18:18 | INFO | C05 |   Average sale: $104.05
2026-06-11 00:18:18 | INFO | C05 |   Minimum sale: $54.11
2026-06-11 00:18:18 | INFO | C05 |   Maximum sale: $194.82
2026-06-11 00:18:18 | INFO | C05 | ========================
2026-06-11 00:18:18 | INFO | C05 | Consumer executed successfully!
2026-06-11 00:18:18 | INFO | C05 | ========================
2026-06-11 20:57:03 | DEBUG | P03 | KAFKA_BOOTSTRAP_SERVERS           = 172.23.179.180:9092
2026-06-11 20:57:03 | DEBUG | P03 | KAFKA_BROKER_ADDRESS_FAMILY       = v4
2026-06-11 20:57:03 | DEBUG | P03 | KAFKA_TOPIC                       = streaming-05-storage-case
2026-06-11 20:57:03 | DEBUG | P03 | KAFKA_CLEAR_TOPIC_ON_START        = true
2026-06-11 20:57:03 | DEBUG | P03 | PRODUCER_MESSAGE_COUNT            = 3
2026-06-11 20:57:03 | DEBUG | P03 | PRODUCER_MESSAGE_INTERVAL_SECONDS = 2
2026-06-11 20:57:03 | DEBUG | P03 | PRODUCER_MAX_MESSAGES             = 50
2026-06-11 20:57:03 | DEBUG | P03 | PRODUCER_POLL_INTERVAL_SECONDS    = 15
2026-06-11 20:57:03 | DEBUG | P03 | KAFKA_GROUP_ID                    = streaming-consumer-group-A
2026-06-11 20:57:03 | DEBUG | P03 | KAFKA_AUTO_OFFSET_RESET           = earliest
2026-06-11 20:57:03 | DEBUG | P03 | CONSUMER_TIMEOUT_SECONDS          = 10
2026-06-11 20:57:03 | DEBUG | P03 | CONSUMER_MAX_MESSAGES             = 1000
2026-06-11 20:57:03 | INFO | P03 | === RUN START ===
2026-06-11 20:57:03 | INFO | P03 | project=P03
2026-06-11 20:57:03 | INFO | P03 | repo_dir=streaming-05-storage-
2026-06-11 20:57:03 | INFO | P03 | python=3.14.4
2026-06-11 20:57:03 | INFO | P03 | os=Windows 11
2026-06-11 20:57:03 | INFO | P03 | shell=powershell
2026-06-11 20:57:03 | INFO | P03 | cwd=.
2026-06-11 20:57:03 | INFO | P03 | github_actions=False
2026-06-11 20:57:03 | INFO | P03 | ========================
2026-06-11 20:57:03 | INFO | P03 | START producer main()
2026-06-11 20:57:03 | INFO | P03 | ========================
2026-06-11 20:57:03 | INFO | P03 | ROOT_DIR = .
2026-06-11 20:57:03 | INFO | P03 | DATA_DIR = data
2026-06-11 20:57:03 | INFO | P03 | SALES_CSV = data\sales.csv
2026-06-11 20:57:03 | INFO | P03 | REGIONS_CSV = data\regions.csv
2026-06-11 20:57:03 | INFO | P03 | PRODUCTS_CSV = data\products.csv
2026-06-11 20:57:03 | INFO | P03 | REJECTED_SALES_CSV = data\output\producer_rejected_sales.csv
2026-06-11 20:57:03 | INFO | P03 | ========================
2026-06-11 20:57:03 | INFO | P03 | SECTION A. Acquire
2026-06-11 20:57:03 | INFO | P03 | ========================
2026-06-11 20:57:03 | INFO | P03 | Loading settings from .env...
2026-06-11 20:57:03 | INFO | P03 | KAFKA_BOOTSTRAP_SERVERS           = 172.23.179.180:9092
2026-06-11 20:57:03 | INFO | P03 | KAFKA_TOPIC                       = streaming-05-storage-case
2026-06-11 20:57:03 | INFO | P03 | PRODUCER_MESSAGE_COUNT            = 3
2026-06-11 20:57:03 | INFO | P03 | PRODUCER_MESSAGE_INTERVAL_SECONDS = 2.0
2026-06-11 20:57:03 | INFO | P03 | KAFKA_CLEAR_TOPIC_ON_START        = True
2026-06-11 20:57:03 | INFO | P03 | Verifying Kafka connection...
2026-06-11 20:57:03 | INFO | P03 | Kafka port is reachable.
2026-06-11 20:57:03 | INFO | P03 | Loading validation reference data...
2026-06-11 20:57:03 | INFO | P03 | Found 6 valid regions, 6 valid products.
2026-06-11 20:57:03 | INFO | P03 | ========================
2026-06-11 20:57:03 | INFO | P03 | SECTION P. Produce Messages
2026-06-11 20:57:03 | INFO | P03 | ========================
2026-06-11 20:57:03 | INFO | P03 | Initializing output...
2026-06-11 20:57:03 | INFO | P03 | Output directory ready: output
2026-06-11 20:57:03 | INFO | P03 | Sending messages...
2026-06-11 20:57:03 | INFO | P03 | Sending up to 3 message(s) to topic 'streaming-05-storage-case'.
2026-06-11 20:57:03 | INFO | P03 | Watch each sale arrive. Press CTRL+C to stop early.

2026-06-11 20:57:03 | INFO | P03 | {
  order_id: e7324981-a9f0-419f-b708-d0a333451fff
  datetime: 2026-05-04T08:11:00Z
  region_id: US-TX
  currency_code: USD
  product_id: PY-STREAM-005
  unit_price: 59.99
  quantity: 3
  is_online: true
  customer_id: CUST-4150
  is_new_customer: false
  device_type: tablet
  payment_method: paypal
  referral_source: paid_search
  discount_code: 
  customer_note: Gift for my team
}
2026-06-11 20:57:03 | INFO | P03 |   Sending message with key=US-TX
2026-06-11 20:57:03 | INFO | P03 |   MESSAGE SENT  sent=1
2026-06-11 20:57:05 | INFO | P03 | {
  order_id: d61943e0-f543-4b5f-9c9a-18605ea4cfe5
  datetime: 2026-05-04T08:23:00Z
  region_id: US-TX
  currency_code: USD
  product_id: PY-DATA-002
  unit_price: 49.99
  quantity: 1
  is_online: true
  customer_id: CUST-1106
  is_new_customer: false
  device_type: mobile
  payment_method: paypal
  referral_source: paid_search
  discount_code: 
  customer_note: Gift for my team
}
2026-06-11 20:57:05 | INFO | P03 |   Sending message with key=US-TX
2026-06-11 20:57:05 | INFO | P03 |   MESSAGE SENT  sent=2
2026-06-11 20:57:07 | INFO | P03 | {
  order_id: 14da1915-8e74-47be-9e10-f7275d31af46
  datetime: 2026-05-04T08:28:00Z
  region_id: CA-QC
  currency_code: CAD
  product_id: PY-NLP-006
  unit_price: 54.99
  quantity: 1
  is_online: true
  customer_id: CUST-2133
  is_new_customer: false
  device_type: desktop
  payment_method: paypal
  referral_source: organic
  discount_code: 
  customer_note: Learning at my own pace
}
2026-06-11 20:57:07 | INFO | P03 |   Sending message with key=CA-QC
2026-06-11 20:57:07 | INFO | P03 |   MESSAGE SENT  sent=3
2026-06-11 20:57:09 | INFO | P03 | Checking for rejected records...
2026-06-11 20:57:09 | INFO | P03 |   No records rejected.
2026-06-11 20:57:09 | INFO | P03 | ========================
2026-06-11 20:57:09 | INFO | P03 | SECTION E. Exit
2026-06-11 20:57:09 | INFO | P03 | ========================
2026-06-11 20:57:09 | INFO | P03 | Summary:
2026-06-11 20:57:09 | INFO | P03 | Sent 3 message(s) to topic 'streaming-05-storage-case'.
2026-06-11 20:57:09 | INFO | P03 | Rejected 0 message(s).
2026-06-11 20:57:09 | INFO | P03 | ========================
2026-06-11 20:57:09 | INFO | P03 | Producer executed successfully!
2026-06-11 20:57:09 | INFO | P03 | ========================
2026-06-11 20:57:21 | DEBUG | C05 | KAFKA_BOOTSTRAP_SERVERS           = 172.23.179.180:9092
2026-06-11 20:57:21 | DEBUG | C05 | KAFKA_BROKER_ADDRESS_FAMILY       = v4
2026-06-11 20:57:21 | DEBUG | C05 | KAFKA_TOPIC                       = streaming-05-storage-case
2026-06-11 20:57:21 | DEBUG | C05 | KAFKA_CLEAR_TOPIC_ON_START        = true
2026-06-11 20:57:21 | DEBUG | C05 | PRODUCER_MESSAGE_COUNT            = 3
2026-06-11 20:57:21 | DEBUG | C05 | PRODUCER_MESSAGE_INTERVAL_SECONDS = 2
2026-06-11 20:57:21 | DEBUG | C05 | PRODUCER_MAX_MESSAGES             = 50
2026-06-11 20:57:21 | DEBUG | C05 | PRODUCER_POLL_INTERVAL_SECONDS    = 15
2026-06-11 20:57:21 | DEBUG | C05 | KAFKA_GROUP_ID                    = streaming-consumer-group-A
2026-06-11 20:57:21 | DEBUG | C05 | KAFKA_AUTO_OFFSET_RESET           = earliest
2026-06-11 20:57:21 | DEBUG | C05 | CONSUMER_TIMEOUT_SECONDS          = 10
2026-06-11 20:57:21 | DEBUG | C05 | CONSUMER_MAX_MESSAGES             = 1000
2026-06-11 20:57:21 | INFO | C05 | === RUN START ===
2026-06-11 20:57:21 | INFO | C05 | project=C05
2026-06-11 20:57:21 | INFO | C05 | repo_dir=streaming-05-storage-
2026-06-11 20:57:21 | INFO | C05 | python=3.14.4
2026-06-11 20:57:21 | INFO | C05 | os=Windows 11
2026-06-11 20:57:21 | INFO | C05 | shell=powershell
2026-06-11 20:57:21 | INFO | C05 | cwd=.
2026-06-11 20:57:21 | INFO | C05 | github_actions=False
2026-06-11 20:57:21 | INFO | C05 | ========================
2026-06-11 20:57:21 | INFO | C05 | START consumer main()
2026-06-11 20:57:21 | INFO | C05 | ========================
2026-06-11 20:57:21 | INFO | C05 | ROOT_DIR = .
2026-06-11 20:57:21 | INFO | C05 | DATA_DIR = data
2026-06-11 20:57:21 | INFO | C05 | OUTPUT_CSV = data\output\consumed_sales.csv
2026-06-11 20:57:21 | INFO | C05 | OUTPUT_DB = data\output\sales.duckdb
2026-06-11 20:57:21 | INFO | C05 | REGIONS_CSV = data\regions.csv
2026-06-11 20:57:21 | INFO | C05 | PRODUCTS_CSV = data\products.csv
2026-06-11 20:57:21 | INFO | C05 | CURRENCIES_CSV = data\currencies.csv
2026-06-11 20:57:21 | INFO | C05 | DISCOUNT_CODES_CSV = data\discount_codes.csv
2026-06-11 20:57:21 | INFO | C05 | ========================
2026-06-11 20:57:21 | INFO | C05 | SECTION A. Acquire
2026-06-11 20:57:21 | INFO | C05 | ========================
2026-06-11 20:57:21 | INFO | C05 | Loading settings from .env...
2026-06-11 20:57:21 | INFO | C05 | KAFKA_BOOTSTRAP_SERVERS  = 172.23.179.180:9092
2026-06-11 20:57:21 | INFO | C05 | KAFKA_TOPIC              = streaming-05-storage-case
2026-06-11 20:57:21 | INFO | C05 | KAFKA_GROUP_ID           = streaming-consumer-group-A
2026-06-11 20:57:21 | INFO | C05 | CONSUMER_TIMEOUT_SECONDS = 10.0
2026-06-11 20:57:21 | INFO | C05 | CONSUMER_MAX_MESSAGES    = 1000
2026-06-11 20:57:21 | INFO | C05 | Verifying Kafka connection...
2026-06-11 20:57:21 | INFO | C05 | Kafka port is reachable.
2026-06-11 20:57:21 | INFO | C05 | Verifying Kafka topic...
2026-06-11 20:57:22 | INFO | C05 | Topic 'streaming-05-storage-case' exists.
2026-06-11 20:57:22 | INFO | C05 | Found 3 message(s) available.
2026-06-11 20:57:22 | INFO | C05 | Creating Kafka consumer...
2026-06-11 20:57:22 | INFO | C05 | Subscribed to topic: 'streaming-05-storage-case' (reading from beginning)
2026-06-11 20:57:22 | INFO | C05 | ========================
2026-06-11 20:57:22 | INFO | C05 | SECTION C. Consume and Process Messages
2026-06-11 20:57:22 | INFO | C05 | ========================
2026-06-11 20:57:22 | INFO | C05 | Initializing output...
2026-06-11 20:57:22 | INFO | C05 | Output CSV cleared: consumed_sales.csv
2026-06-11 20:57:22 | INFO | C05 | Database initialized: sales.duckdb
2026-06-11 20:57:22 | INFO | C05 | Loading enrichment reference data...
2026-06-11 20:57:22 | INFO | C05 | Found 6 region tax rates.
2026-06-11 20:57:22 | INFO | C05 | Consuming messages...
2026-06-11 20:57:22 | INFO | C05 | Waiting for up to 1000 message(s).
2026-06-11 20:57:22 | INFO | C05 | Press CTRL+C to stop early.

2026-06-11 20:57:28 | INFO | C05 | {'currency_code': 'USD', 'customer_id': 'CUST-4150', 'customer_note': 'Gift for my team', 'datetime': '2026-05-04T08:11:00Z', 'device_type': 'tablet', 'discount_code': '', 'is_new_customer': 'false', 'is_online': 'true', 'order_id': 'e7324981-a9f0-419f-b708-d0a333451fff', 'payment_method': 'paypal', 'product_id': 'PY-STREAM-005', 'quantity': '3', 'referral_source': 'paid_search', 'region_id': 'US-TX', 'unit_price': '59.99', '_kafka_key': 'US-TX', '_kafka_partition': 0, '_kafka_offset': 0}
2026-06-11 20:57:28 | INFO | C05 | subtotal=179.97
2026-06-11 20:57:28 | INFO | C05 | tax=14.85
2026-06-11 20:57:28 | INFO | C05 | total=194.82
2026-06-11 20:57:28 | INFO | C05 | running_total=194.82
2026-06-11 20:57:28 | INFO | C05 | Wrote valid record to DuckDB:
2026-06-11 20:57:28 | INFO | C05 |   order=e7324981-a9f0-419f-b708-d0a333451fff
2026-06-11 20:57:28 | INFO | C05 | MESSAGE ACCEPTED
2026-06-11 20:57:28 | INFO | C05 | order=e7324981-a9f0-419f-b708-d0a333451fff
2026-06-11 20:57:28 | INFO | C05 | total=$194.82
2026-06-11 20:57:28 | INFO | C05 | consumed=1
2026-06-11 20:57:28 | INFO | C05 | RUNNING STATS
2026-06-11 20:57:28 | INFO | C05 | total_sales=$194.82
2026-06-11 20:57:28 | INFO | C05 | average=$194.82
2026-06-11 20:57:28 | INFO | C05 | min=$194.82
2026-06-11 20:57:28 | INFO | C05 | max=$194.82
2026-06-11 20:57:28 | INFO | C05 | {'currency_code': 'USD', 'customer_id': 'CUST-1106', 'customer_note': 'Gift for my team', 'datetime': '2026-05-04T08:23:00Z', 'device_type': 'mobile', 'discount_code': '', 'is_new_customer': 'false', 'is_online': 'true', 'order_id': 'd61943e0-f543-4b5f-9c9a-18605ea4cfe5', 'payment_method': 'paypal', 'product_id': 'PY-DATA-002', 'quantity': '1', 'referral_source': 'paid_search', 'region_id': 'US-TX', 'unit_price': '49.99', '_kafka_key': 'US-TX', '_kafka_partition': 0, '_kafka_offset': 1}
2026-06-11 20:57:28 | INFO | C05 | subtotal=49.99
2026-06-11 20:57:28 | INFO | C05 | tax=4.12
2026-06-11 20:57:28 | INFO | C05 | total=54.11
2026-06-11 20:57:28 | INFO | C05 | running_total=248.93
2026-06-11 20:57:28 | INFO | C05 | Wrote valid record to DuckDB:
2026-06-11 20:57:28 | INFO | C05 |   order=d61943e0-f543-4b5f-9c9a-18605ea4cfe5
2026-06-11 20:57:28 | INFO | C05 | MESSAGE ACCEPTED
2026-06-11 20:57:28 | INFO | C05 | order=d61943e0-f543-4b5f-9c9a-18605ea4cfe5
2026-06-11 20:57:28 | INFO | C05 | total=$54.11
2026-06-11 20:57:28 | INFO | C05 | consumed=2
2026-06-11 20:57:28 | INFO | C05 | RUNNING STATS
2026-06-11 20:57:28 | INFO | C05 | total_sales=$248.93
2026-06-11 20:57:28 | INFO | C05 | average=$124.47
2026-06-11 20:57:28 | INFO | C05 | min=$54.11
2026-06-11 20:57:28 | INFO | C05 | max=$194.82
2026-06-11 20:57:28 | INFO | C05 | {'currency_code': 'CAD', 'customer_id': 'CUST-2133', 'customer_note': 'Learning at my own pace', 'datetime': '2026-05-04T08:28:00Z', 'device_type': 'desktop', 'discount_code': '', 'is_new_customer': 'false', 'is_online': 'true', 'order_id': '14da1915-8e74-47be-9e10-f7275d31af46', 'payment_method': 'paypal', 'product_id': 'PY-NLP-006', 'quantity': '1', 'referral_source': 'organic', 'region_id': 'CA-QC', 'unit_price': '54.99', '_kafka_key': 'CA-QC', '_kafka_partition': 0, '_kafka_offset': 2}
2026-06-11 20:57:28 | INFO | C05 | subtotal=54.99
2026-06-11 20:57:28 | INFO | C05 | tax=8.23
2026-06-11 20:57:28 | INFO | C05 | total=63.22
2026-06-11 20:57:28 | INFO | C05 | running_total=312.15
2026-06-11 20:57:28 | INFO | C05 | Wrote valid record to DuckDB:
2026-06-11 20:57:28 | INFO | C05 |   order=14da1915-8e74-47be-9e10-f7275d31af46
2026-06-11 20:57:28 | INFO | C05 | MESSAGE ACCEPTED
2026-06-11 20:57:28 | INFO | C05 | order=14da1915-8e74-47be-9e10-f7275d31af46
2026-06-11 20:57:28 | INFO | C05 | total=$63.22
2026-06-11 20:57:28 | INFO | C05 | consumed=3
2026-06-11 20:57:28 | INFO | C05 | RUNNING STATS
2026-06-11 20:57:28 | INFO | C05 | total_sales=$312.15
2026-06-11 20:57:28 | INFO | C05 | average=$104.05
2026-06-11 20:57:28 | INFO | C05 | min=$54.11
2026-06-11 20:57:28 | INFO | C05 | max=$194.82
2026-06-11 20:57:38 | INFO | C05 | No message received within 10.0s timeout.
2026-06-11 20:57:38 | INFO | C05 | Producer finished or paused. Stopping consumer.
2026-06-11 20:57:38 | INFO | C05 | Kafka consumer closed.
2026-06-11 20:57:38 | INFO | C05 | Saving artifacts...
2026-06-11 20:57:38 | INFO | C05 | WROTE OUTPUT_CSV = data\output\consumed_sales.csv
2026-06-11 20:57:38 | INFO | C05 | WROTE OUTPUT_DB = data\output\sales.duckdb
2026-06-11 20:57:38 | INFO | C05 | ========================
2026-06-11 20:57:38 | INFO | C05 | SECTION E. Exit
2026-06-11 20:57:38 | INFO | C05 | ========================
2026-06-11 20:57:38 | INFO | C05 | Summary:
2026-06-11 20:57:38 | INFO | C05 | Consumed 3 message(s) from topic 'streaming-05-storage-case'.
2026-06-11 20:57:38 | INFO | C05 | Skipped  0 message(s).
2026-06-11 20:57:38 | INFO | C05 | OUTPUT_CSV = data\output\consumed_sales.csv
2026-06-11 20:57:38 | INFO | C05 |   Total sales:  $312.15
2026-06-11 20:57:38 | INFO | C05 |   Average sale: $104.05
2026-06-11 20:57:38 | INFO | C05 |   Minimum sale: $54.11
2026-06-11 20:57:38 | INFO | C05 |   Maximum sale: $194.82
2026-06-11 20:57:38 | INFO | C05 |   Highest Order Total: $194.82
2026-06-11 20:57:38 | INFO | C05 | ========================
2026-06-11 20:57:38 | INFO | C05 | Consumer executed successfully!
2026-06-11 20:57:38 | INFO | C05 | ========================
2026-06-11 21:00:45 | DEBUG | C05 | KAFKA_BOOTSTRAP_SERVERS           = 172.23.179.180:9092
2026-06-11 21:00:45 | DEBUG | C05 | KAFKA_BROKER_ADDRESS_FAMILY       = v4
2026-06-11 21:00:45 | DEBUG | C05 | KAFKA_TOPIC                       = streaming-05-storage-case
2026-06-11 21:00:45 | DEBUG | C05 | KAFKA_CLEAR_TOPIC_ON_START        = true
2026-06-11 21:00:45 | DEBUG | C05 | PRODUCER_MESSAGE_COUNT            = 3
2026-06-11 21:00:45 | DEBUG | C05 | PRODUCER_MESSAGE_INTERVAL_SECONDS = 2
2026-06-11 21:00:45 | DEBUG | C05 | PRODUCER_MAX_MESSAGES             = 50
2026-06-11 21:00:45 | DEBUG | C05 | PRODUCER_POLL_INTERVAL_SECONDS    = 15
2026-06-11 21:00:45 | DEBUG | C05 | KAFKA_GROUP_ID                    = streaming-consumer-group-A
2026-06-11 21:00:45 | DEBUG | C05 | KAFKA_AUTO_OFFSET_RESET           = earliest
2026-06-11 21:00:45 | DEBUG | C05 | CONSUMER_TIMEOUT_SECONDS          = 10
2026-06-11 21:00:45 | DEBUG | C05 | CONSUMER_MAX_MESSAGES             = 1000
2026-06-11 21:00:45 | DEBUG | P03 | KAFKA_BOOTSTRAP_SERVERS           = 172.23.179.180:9092
2026-06-11 21:00:45 | DEBUG | P03 | KAFKA_BROKER_ADDRESS_FAMILY       = v4
2026-06-11 21:00:45 | DEBUG | P03 | KAFKA_TOPIC                       = streaming-05-storage-case
2026-06-11 21:00:45 | DEBUG | P03 | KAFKA_CLEAR_TOPIC_ON_START        = true
2026-06-11 21:00:45 | DEBUG | P03 | PRODUCER_MESSAGE_COUNT            = 3
2026-06-11 21:00:45 | DEBUG | P03 | PRODUCER_MESSAGE_INTERVAL_SECONDS = 2
2026-06-11 21:00:45 | DEBUG | P03 | PRODUCER_MAX_MESSAGES             = 50
2026-06-11 21:00:45 | DEBUG | P03 | PRODUCER_POLL_INTERVAL_SECONDS    = 15
2026-06-11 21:00:45 | DEBUG | P03 | KAFKA_GROUP_ID                    = streaming-consumer-group-A
2026-06-11 21:00:45 | DEBUG | P03 | KAFKA_AUTO_OFFSET_RESET           = earliest
2026-06-11 21:00:45 | DEBUG | P03 | CONSUMER_TIMEOUT_SECONDS          = 10
2026-06-11 21:00:45 | DEBUG | P03 | CONSUMER_MAX_MESSAGES             = 1000
2026-06-12 15:24:26 | DEBUG | P03 | KAFKA_BOOTSTRAP_SERVERS           = 172.23.179.180:9092
2026-06-12 15:24:26 | DEBUG | P03 | KAFKA_BROKER_ADDRESS_FAMILY       = v4
2026-06-12 15:24:26 | DEBUG | P03 | KAFKA_TOPIC                       = streaming-05-storage-case
2026-06-12 15:24:26 | DEBUG | P03 | KAFKA_CLEAR_TOPIC_ON_START        = true
2026-06-12 15:24:26 | DEBUG | P03 | PRODUCER_MESSAGE_COUNT            = 50
2026-06-12 15:24:26 | DEBUG | P03 | PRODUCER_MESSAGE_INTERVAL_SECONDS = 2
2026-06-12 15:24:26 | DEBUG | P03 | PRODUCER_MAX_MESSAGES             = 50
2026-06-12 15:24:26 | DEBUG | P03 | PRODUCER_POLL_INTERVAL_SECONDS    = 15
2026-06-12 15:24:26 | DEBUG | P03 | KAFKA_GROUP_ID                    = streaming-consumer-group-A
2026-06-12 15:24:26 | DEBUG | P03 | KAFKA_AUTO_OFFSET_RESET           = earliest
2026-06-12 15:24:26 | DEBUG | P03 | CONSUMER_TIMEOUT_SECONDS          = 10
2026-06-12 15:24:26 | DEBUG | P03 | CONSUMER_MAX_MESSAGES             = 1000
2026-06-12 15:24:26 | INFO | P03 | === RUN START ===
2026-06-12 15:24:26 | INFO | P03 | project=P03
2026-06-12 15:24:26 | INFO | P03 | repo_dir=streaming-05-storage-
2026-06-12 15:24:26 | INFO | P03 | python=3.14.4
2026-06-12 15:24:26 | INFO | P03 | os=Windows 11
2026-06-12 15:24:26 | INFO | P03 | shell=powershell
2026-06-12 15:24:26 | INFO | P03 | cwd=.
2026-06-12 15:24:26 | INFO | P03 | github_actions=False
2026-06-12 15:24:26 | INFO | P03 | ========================
2026-06-12 15:24:26 | INFO | P03 | START producer main()
2026-06-12 15:24:26 | INFO | P03 | ========================
2026-06-12 15:24:26 | INFO | P03 | ROOT_DIR = .
2026-06-12 15:24:26 | INFO | P03 | DATA_DIR = data
2026-06-12 15:24:26 | INFO | P03 | SALES_CSV = data\sales.csv
2026-06-12 15:24:26 | INFO | P03 | REGIONS_CSV = data\regions.csv
2026-06-12 15:24:26 | INFO | P03 | PRODUCTS_CSV = data\products.csv
2026-06-12 15:24:26 | INFO | P03 | REJECTED_SALES_CSV = data\output\producer_rejected_sales.csv
2026-06-12 15:24:26 | INFO | P03 | ========================
2026-06-12 15:24:26 | INFO | P03 | SECTION A. Acquire
2026-06-12 15:24:26 | INFO | P03 | ========================
2026-06-12 15:24:26 | INFO | P03 | Loading settings from .env...
2026-06-12 15:24:26 | INFO | P03 | KAFKA_BOOTSTRAP_SERVERS           = 172.23.179.180:9092
2026-06-12 15:24:26 | INFO | P03 | KAFKA_TOPIC                       = streaming-05-storage-case
2026-06-12 15:24:26 | INFO | P03 | PRODUCER_MESSAGE_COUNT            = 50
2026-06-12 15:24:26 | INFO | P03 | PRODUCER_MESSAGE_INTERVAL_SECONDS = 2.0
2026-06-12 15:24:26 | INFO | P03 | KAFKA_CLEAR_TOPIC_ON_START        = True
2026-06-12 15:24:26 | INFO | P03 | Verifying Kafka connection...
2026-06-12 15:24:27 | INFO | P03 | Kafka port is reachable.
2026-06-12 15:24:27 | INFO | P03 | Loading validation reference data...
2026-06-12 15:24:27 | INFO | P03 | Found 6 valid regions, 6 valid products.
2026-06-12 15:24:27 | INFO | P03 | ========================
2026-06-12 15:24:27 | INFO | P03 | SECTION P. Produce Messages
2026-06-12 15:24:27 | INFO | P03 | ========================
2026-06-12 15:24:27 | INFO | P03 | Initializing output...
2026-06-12 15:24:27 | INFO | P03 | Output directory ready: output
2026-06-12 15:24:27 | INFO | P03 | Sending messages...
2026-06-12 15:24:27 | INFO | P03 | Sending up to 50 message(s) to topic 'streaming-05-storage-case'.
2026-06-12 15:24:27 | INFO | P03 | Watch each sale arrive. Press CTRL+C to stop early.

2026-06-12 15:24:27 | INFO | P03 | {
  order_id: e7324981-a9f0-419f-b708-d0a333451fff
  datetime: 2026-05-04T08:11:00Z
  region_id: US-TX
  currency_code: USD
  product_id: PY-STREAM-005
  unit_price: 59.99
  quantity: 3
  is_online: true
  customer_id: CUST-4150
  is_new_customer: false
  device_type: tablet
  payment_method: paypal
  referral_source: paid_search
  discount_code: 
  customer_note: Gift for my team
}
2026-06-12 15:24:27 | INFO | P03 |   Sending message with key=US-TX
2026-06-12 15:24:27 | INFO | P03 |   MESSAGE SENT  sent=1
2026-06-12 15:24:29 | INFO | P03 | {
  order_id: d61943e0-f543-4b5f-9c9a-18605ea4cfe5
  datetime: 2026-05-04T08:23:00Z
  region_id: US-TX
  currency_code: USD
  product_id: PY-DATA-002
  unit_price: 49.99
  quantity: 1
  is_online: true
  customer_id: CUST-1106
  is_new_customer: false
  device_type: mobile
  payment_method: paypal
  referral_source: paid_search
  discount_code: 
  customer_note: Gift for my team
}
2026-06-12 15:24:29 | INFO | P03 |   Sending message with key=US-TX
2026-06-12 15:24:29 | INFO | P03 |   MESSAGE SENT  sent=2
2026-06-12 15:24:31 | INFO | P03 | {
  order_id: 14da1915-8e74-47be-9e10-f7275d31af46
  datetime: 2026-05-04T08:28:00Z
  region_id: CA-QC
  currency_code: CAD
  product_id: PY-NLP-006
  unit_price: 54.99
  quantity: 1
  is_online: true
  customer_id: CUST-2133
  is_new_customer: false
  device_type: desktop
  payment_method: paypal
  referral_source: organic
  discount_code: 
  customer_note: Learning at my own pace
}
2026-06-12 15:24:31 | INFO | P03 |   Sending message with key=CA-QC
2026-06-12 15:24:31 | INFO | P03 |   MESSAGE SENT  sent=3
2026-06-12 15:24:33 | INFO | P03 | {
  order_id: d77ed935-9b28-431d-bc25-0a3fd98f4154
  datetime: 2026-05-04T08:40:00Z
  region_id: US-CA
  currency_code: USD
  product_id: PY-STREAM-005
  unit_price: 59.99
  quantity: 1
  is_online: true
  customer_id: CUST-5333
  is_new_customer: false
  device_type: mobile
  payment_method: paypal
  referral_source: organic
  discount_code: 
  customer_note: Highly recommend
}
2026-06-12 15:24:33 | INFO | P03 |   Sending message with key=US-CA
2026-06-12 15:24:33 | INFO | P03 |   MESSAGE SENT  sent=4
2026-06-12 15:24:35 | INFO | P03 | {
  order_id: 24b91995-25f8-4ad7-8fa6-2e4c15750e5e
  datetime: 2026-05-04T08:41:00Z
  region_id: US-MO
  currency_code: USD
  product_id: PY-VIZ-003
  unit_price: 39.99
  quantity: 1
  is_online: true
  customer_id: CUST-8573
  is_new_customer: false
  device_type: mobile
  payment_method: apple_pay
  referral_source: paid_search
  discount_code: 
  customer_note: Learning at my own pace
}
2026-06-12 15:24:35 | INFO | P03 |   Sending message with key=US-MO
2026-06-12 15:24:35 | INFO | P03 |   MESSAGE SENT  sent=5
2026-06-12 15:24:37 | INFO | P03 | {
  order_id: 1ec0fc8b-998c-4f43-8a66-19e1fa7d5fa8
  datetime: 2026-05-04T08:54:00Z
  region_id: CA-ON
  currency_code: CAD
  product_id: PY-SQL-004
  unit_price: 44.99
  quantity: 1
  is_online: true
  customer_id: CUST-8062
  is_new_customer: false
  device_type: tablet
  payment_method: paypal
  referral_source: organic
  discount_code: 
  customer_note: 
}
2026-06-12 15:24:37 | INFO | P03 |   Sending message with key=CA-ON
2026-06-12 15:24:37 | INFO | P03 |   MESSAGE SENT  sent=6
2026-06-12 15:24:39 | INFO | P03 | {
  order_id: 392dd49b-b385-499c-9b4a-a38387fa39ae
  datetime: 2026-05-04T09:07:00Z
  region_id: CA-ON
  currency_code: CAD
  product_id: PY-INTRO-001
  unit_price: 29.99
  quantity: 1
  is_online: false
  customer_id: CUST-9348
  is_new_customer: false
  device_type: desktop
  payment_method: credit_card
  referral_source: paid_search
  discount_code: 
  customer_note: For my study group
}
2026-06-12 15:24:39 | INFO | P03 |   Sending message with key=CA-ON
2026-06-12 15:24:39 | INFO | P03 |   MESSAGE SENT  sent=7
2026-06-12 15:24:41 | INFO | P03 | {
  order_id: 02782ab7-dd7d-4ebe-8abc-ef81cdc4193b
  datetime: 2026-05-04T09:15:00Z
  region_id: US-CA
  currency_code: USD
  product_id: PY-VIZ-003
  unit_price: 39.99
  quantity: 1
  is_online: true
  customer_id: CUST-5889
  is_new_customer: false
  device_type: tablet
  payment_method: paypal
  referral_source: organic
  discount_code: 
  customer_note: 
}
2026-06-12 15:24:41 | INFO | P03 |   Sending message with key=US-CA
2026-06-12 15:24:41 | INFO | P03 |   MESSAGE SENT  sent=8
2026-06-12 15:24:43 | INFO | P03 | {
  order_id: 67bd3492-cc96-429a-9a91-1b4d2132d261
  datetime: 2026-05-04T09:19:00Z
  region_id: CA-ON
  currency_code: CAD
  product_id: PY-VIZ-003
  unit_price: 39.99
  quantity: 1
  is_online: true
  customer_id: CUST-4770
  is_new_customer: false
  device_type: desktop
  payment_method: credit_card
  referral_source: paid_search
  discount_code: 
  customer_note: Excellent content
}
2026-06-12 15:24:43 | INFO | P03 |   Sending message with key=CA-ON
2026-06-12 15:24:43 | INFO | P03 |   MESSAGE SENT  sent=9
2026-06-12 15:24:45 | INFO | P03 | {
  order_id: 0a021628-6937-4876-8875-b00c07a39e0f
  datetime: 2026-05-04T09:37:00Z
  region_id: MX-CMX
  currency_code: MXN
  product_id: PY-DATA-002
  unit_price: 49.99
  quantity: 1
  is_online: true
  customer_id: CUST-6168
  is_new_customer: false
  device_type: desktop
  payment_method: paypal
  referral_source: organic
  discount_code: 
  customer_note: 
}
2026-06-12 15:24:45 | INFO | P03 |   Sending message with key=MX-CMX
2026-06-12 15:24:45 | INFO | P03 |   MESSAGE SENT  sent=10
2026-06-12 15:24:47 | INFO | P03 | {
  order_id: b05fc600-a5fc-4826-934c-cc1f188b0715
  datetime: 2026-05-04T09:42:00Z
  region_id: US-MO
  currency_code: USD
  product_id: PY-DATA-002
  unit_price: 49.99
  quantity: 3
  is_online: true
  customer_id: CUST-3340
  is_new_customer: false
  device_type: tablet
  payment_method: credit_card
  referral_source: organic
  discount_code: 
  customer_note: Recommended by a colleague
}
2026-06-12 15:24:47 | INFO | P03 |   Sending message with key=US-MO
2026-06-12 15:24:47 | INFO | P03 |   MESSAGE SENT  sent=11
2026-06-12 15:24:49 | INFO | P03 | {
  order_id: 03d437fb-6966-47ad-a67a-728630c8b3f8
  datetime: 2026-05-04T10:06:00Z
  region_id: US-MO
  currency_code: USD
  product_id: PY-INTRO-001
  unit_price: 29.99
  quantity: 1
  is_online: true
  customer_id: CUST-8668
  is_new_customer: false
  device_type: mobile
  payment_method: apple_pay
  referral_source: email
  discount_code: 
  customer_note: 
}
2026-06-12 15:24:49 | INFO | P03 |   Sending message with key=US-MO
2026-06-12 15:24:49 | INFO | P03 |   MESSAGE SENT  sent=12
2026-06-12 15:24:51 | INFO | P03 | {
  order_id: 6914aea4-448f-4dc1-b68f-0fe4a2c06188
  datetime: 2026-05-04T10:15:00Z
  region_id: US-TX
  currency_code: USD
  product_id: PY-DATA-002
  unit_price: 49.99
  quantity: 1
  is_online: true
  customer_id: CUST-2827
  is_new_customer: false
  device_type: tablet
  payment_method: credit_card
  referral_source: organic
  discount_code: 
  customer_note: Learning at my own pace
}
2026-06-12 15:24:51 | INFO | P03 |   Sending message with key=US-TX
2026-06-12 15:24:51 | INFO | P03 |   MESSAGE SENT  sent=13
2026-06-12 15:24:53 | INFO | P03 | {
  order_id: e1adb233-3aa8-4d60-9684-1ddf52e9d656
  datetime: 2026-05-04T10:16:00Z
  region_id: US-MO
  currency_code: USD
  product_id: PY-STREAM-005
  unit_price: 59.99
  quantity: 5
  is_online: false
  customer_id: CUST-4295
  is_new_customer: false
  device_type: desktop
  payment_method: paypal
  referral_source: organic
  discount_code: 
  customer_note: For my study group
}
2026-06-12 15:24:53 | INFO | P03 |   Sending message with key=US-MO
2026-06-12 15:24:53 | INFO | P03 |   MESSAGE SENT  sent=14
2026-06-12 15:24:55 | INFO | P03 | {
  order_id: 80e9a9ea-9add-4d51-981a-d26aaacd4dc9
  datetime: 2026-05-04T10:30:00Z
  region_id: US-MO
  currency_code: USD
  product_id: PY-DATA-002
  unit_price: 49.99
  quantity: 1
  is_online: true
  customer_id: CUST-8953
  is_new_customer: false
  device_type: desktop
  payment_method: credit_card
  referral_source: social
  discount_code: 
  customer_note: For my study group
}
2026-06-12 15:24:55 | INFO | P03 |   Sending message with key=US-MO
2026-06-12 15:24:55 | INFO | P03 |   MESSAGE SENT  sent=15
2026-06-12 15:24:57 | INFO | P03 | {
  order_id: 68920c43-44f0-4e51-bd21-7904c9427810
  datetime: 2026-05-04T10:43:00Z
  region_id: CA-ON
  currency_code: CAD
  product_id: PY-INTRO-001
  unit_price: 29.99
  quantity: 1
  is_online: true
  customer_id: CUST-1488
  is_new_customer: true
  device_type: mobile
  payment_method: apple_pay
  referral_source: organic
  discount_code: 
  customer_note: 
}
2026-06-12 15:24:57 | INFO | P03 |   Sending message with key=CA-ON
2026-06-12 15:24:57 | INFO | P03 |   MESSAGE SENT  sent=16
2026-06-12 15:24:59 | INFO | P03 | {
  order_id: d22acb5c-8fa2-437a-be68-16a3407c5919
  datetime: 2026-05-04T10:43:00Z
  region_id: US-MO
  currency_code: USD
  product_id: PY-SQL-004
  unit_price: 44.99
  quantity: 1
  is_online: true
  customer_id: CUST-1319
  is_new_customer: false
  device_type: desktop
  payment_method: credit_card
  referral_source: social
  discount_code: 
  customer_note: Recommended by a colleague
}
2026-06-12 15:24:59 | INFO | P03 |   Sending message with key=US-MO
2026-06-12 15:24:59 | INFO | P03 |   MESSAGE SENT  sent=17
2026-06-12 15:25:01 | INFO | P03 | {
  order_id: 89715d88-8d25-4fee-9179-438fe49ebd60
  datetime: 2026-05-04T11:00:00Z
  region_id: US-TX
  currency_code: USD
  product_id: PY-INTRO-001
  unit_price: 29.99
  quantity: 1
  is_online: true
  customer_id: CUST-6977
  is_new_customer: false
  device_type: desktop
  payment_method: credit_card
  referral_source: email
  discount_code: 
  customer_note: For my study group
}
2026-06-12 15:25:01 | INFO | P03 |   Sending message with key=US-TX
2026-06-12 15:25:01 | INFO | P03 |   MESSAGE SENT  sent=18
2026-06-12 15:25:03 | INFO | P03 | {
  order_id: 733e6b9b-c9e7-49ef-82d8-b976d0df90cc
  datetime: 2026-05-04T11:06:00Z
  region_id: MX-CMX
  currency_code: MXN
  product_id: PY-INTRO-001
  unit_price: 29.99
  quantity: 1
  is_online: true
  customer_id: CUST-9099
  is_new_customer: false
  device_type: desktop
  payment_method: paypal
  referral_source: paid_search
  discount_code: 
  customer_note: Learning at my own pace
}
2026-06-12 15:25:03 | INFO | P03 |   Sending message with key=MX-CMX
2026-06-12 15:25:03 | INFO | P03 |   MESSAGE SENT  sent=19
2026-06-12 15:25:05 | INFO | P03 | {
  order_id: 267b5686-afa9-4ce6-bf68-4b861afa6a29
  datetime: 2026-05-04T11:10:00Z
  region_id: US-MO
  currency_code: USD
  product_id: PY-NLP-006
  unit_price: 54.99
  quantity: 5
  is_online: true
  customer_id: CUST-4878
  is_new_customer: true
  device_type: mobile
  payment_method: apple_pay
  referral_source: email
  discount_code: 
  customer_note: Learning at my own pace
}
2026-06-12 15:25:05 | INFO | P03 |   Sending message with key=US-MO
2026-06-12 15:25:05 | INFO | P03 |   MESSAGE SENT  sent=20
2026-06-12 15:25:07 | INFO | P03 | {
  order_id: d6710a67-a351-4185-8d11-3b4e71407f5b
  datetime: 2026-05-04T11:12:00Z
  region_id: US-TX
  currency_code: USD
  product_id: PY-STREAM-005
  unit_price: 59.99
  quantity: 1
  is_online: true
  customer_id: CUST-7570
  is_new_customer: true
  device_type: mobile
  payment_method: credit_card
  referral_source: email
  discount_code: 
  customer_note: Excellent content
}
2026-06-12 15:25:07 | INFO | P03 |   Sending message with key=US-TX
2026-06-12 15:25:07 | INFO | P03 |   MESSAGE SENT  sent=21
2026-06-12 15:25:09 | INFO | P03 | {
  order_id: cbe8f6e2-a71e-4d62-9004-4dbbf6eb5cfe
  datetime: 2026-05-04T11:15:00Z
  region_id: US-MO
  currency_code: USD
  product_id: PY-INTRO-001
  unit_price: 29.99
  quantity: 5
  is_online: false
  customer_id: CUST-8973
  is_new_customer: false
  device_type: desktop
  payment_method: credit_card
  referral_source: email
  discount_code: 
  customer_note: Expected more content
}
2026-06-12 15:25:09 | INFO | P03 |   Sending message with key=US-MO
2026-06-12 15:25:09 | INFO | P03 |   MESSAGE SENT  sent=22
2026-06-12 15:25:11 | INFO | P03 | {
  order_id: 09bc34b3-c566-400b-bc7b-c114a4a63983
  datetime: 2026-05-04T11:23:00Z
  region_id: CA-ON
  currency_code: CAD
  product_id: PY-SQL-004
  unit_price: 44.99
  quantity: 1
  is_online: true
  customer_id: CUST-1158
  is_new_customer: false
  device_type: mobile
  payment_method: credit_card
  referral_source: organic
  discount_code: 
  customer_note: Love the examples
}
2026-06-12 15:25:11 | INFO | P03 |   Sending message with key=CA-ON
2026-06-12 15:25:11 | INFO | P03 |   MESSAGE SENT  sent=23
2026-06-12 15:25:13 | INFO | P03 | {
  order_id: 891a7917-4541-457a-b0d5-45a3cd33a260
  datetime: 2026-05-04T11:27:00Z
  region_id: US-MO
  currency_code: USD
  product_id: PY-STREAM-005
  unit_price: 59.99
  quantity: 1
  is_online: true
  customer_id: CUST-1832
  is_new_customer: false
  device_type: mobile
  payment_method: apple_pay
  referral_source: organic
  discount_code: 
  customer_note: 
}
2026-06-12 15:25:13 | INFO | P03 |   Sending message with key=US-MO
2026-06-12 15:25:13 | INFO | P03 |   MESSAGE SENT  sent=24
2026-06-12 15:25:15 | INFO | P03 | {
  order_id: 5c877bff-f1b6-467b-abc4-23b946a24014
  datetime: 2026-05-04T11:28:00Z
  region_id: CA-QC
  currency_code: CAD
  product_id: PY-INTRO-001
  unit_price: 29.99
  quantity: 1
  is_online: true
  customer_id: CUST-6974
  is_new_customer: false
  device_type: tablet
  payment_method: paypal
  referral_source: email
  discount_code: 
  customer_note: For my study group
}
2026-06-12 15:25:15 | INFO | P03 |   Sending message with key=CA-QC
2026-06-12 15:25:15 | INFO | P03 |   MESSAGE SENT  sent=25
2026-06-12 15:25:17 | INFO | P03 | {
  order_id: a62c8c45-e0a4-4697-8ca7-b173c7f4487e
  datetime: 2026-05-04T11:39:00Z
  region_id: US-MO
  currency_code: USD
  product_id: PY-INTRO-001
  unit_price: 29.99
  quantity: 1
  is_online: true
  customer_id: CUST-9701
  is_new_customer: false
  device_type: mobile
  payment_method: credit_card
  referral_source: organic
  discount_code: 
  customer_note: Good but could go deeper
}
2026-06-12 15:25:17 | INFO | P03 |   Sending message with key=US-MO
2026-06-12 15:25:17 | INFO | P03 |   MESSAGE SENT  sent=26
2026-06-12 15:25:19 | INFO | P03 | {
  order_id: 3ae2798c-087b-473c-b120-d2c9d0f7289b
  datetime: 2026-05-04T11:40:00Z
  region_id: US-TX
  currency_code: USD
  product_id: PY-INTRO-001
  unit_price: 29.99
  quantity: 1
  is_online: true
  customer_id: CUST-5033
  is_new_customer: true
  device_type: tablet
  payment_method: credit_card
  referral_source: organic
  discount_code: 
  customer_note: For my study group
}
2026-06-12 15:25:19 | INFO | P03 |   Sending message with key=US-TX
2026-06-12 15:25:19 | INFO | P03 |   MESSAGE SENT  sent=27
2026-06-12 15:25:21 | INFO | P03 | {
  order_id: fbf2b25f-c658-4716-88e7-e5574bb71a39
  datetime: 2026-05-04T11:41:00Z
  region_id: CA-ON
  currency_code: CAD
  product_id: PY-NLP-006
  unit_price: 54.99
  quantity: 1
  is_online: true
  customer_id: CUST-5065
  is_new_customer: true
  device_type: tablet
  payment_method: paypal
  referral_source: email
  discount_code: 
  customer_note: Good but could go deeper
}
2026-06-12 15:25:21 | INFO | P03 |   Sending message with key=CA-ON
2026-06-12 15:25:21 | INFO | P03 |   MESSAGE SENT  sent=28
2026-06-12 15:25:23 | INFO | P03 | {
  order_id: 9eb81520-7ef0-4b18-b6d8-a6083cd5ca58
  datetime: 2026-05-04T11:43:00Z
  region_id: US-CA
  currency_code: USD
  product_id: PY-STREAM-005
  unit_price: 59.99
  quantity: 1
  is_online: true
  customer_id: CUST-3414
  is_new_customer: false
  device_type: desktop
  payment_method: credit_card
  referral_source: organic
  discount_code: 
  customer_note: 
}
2026-06-12 15:25:23 | INFO | P03 |   Sending message with key=US-CA
2026-06-12 15:25:23 | INFO | P03 |   MESSAGE SENT  sent=29
2026-06-12 15:25:25 | INFO | P03 | {
  order_id: 2eb467ee-85d9-4ac5-b9d8-376bbba7770b
  datetime: 2026-05-04T11:57:00Z
  region_id: US-MO
  currency_code: USD
  product_id: PY-INTRO-001
  unit_price: 29.99
  quantity: 1
  is_online: true
  customer_id: CUST-9785
  is_new_customer: false
  device_type: mobile
  payment_method: paypal
  referral_source: social
  discount_code: 
  customer_note: Love the examples
}
2026-06-12 15:25:25 | INFO | P03 |   Sending message with key=US-MO
2026-06-12 15:25:25 | INFO | P03 |   MESSAGE SENT  sent=30
2026-06-12 15:25:27 | INFO | P03 | {
  order_id: b7c4cb3b-3a5d-434c-b737-20be9efb1c72
  datetime: 2026-05-04T12:03:00Z
  region_id: US-TX
  currency_code: USD
  product_id: PY-INTRO-001
  unit_price: 29.99
  quantity: 1
  is_online: true
  customer_id: CUST-2604
  is_new_customer: false
  device_type: mobile
  payment_method: apple_pay
  referral_source: paid_search
  discount_code: 
  customer_note: For my study group
}
2026-06-12 15:25:27 | INFO | P03 |   Sending message with key=US-TX
2026-06-12 15:25:27 | INFO | P03 |   MESSAGE SENT  sent=31
2026-06-12 15:25:29 | INFO | P03 | {
  order_id: ea5b5880-1df0-4918-8134-bc18553bedaa
  datetime: 2026-05-04T12:08:00Z
  region_id: CA-ON
  currency_code: CAD
  product_id: PY-INTRO-001
  unit_price: 29.99
  quantity: 1
  is_online: true
  customer_id: CUST-4728
  is_new_customer: true
  device_type: desktop
  payment_method: paypal
  referral_source: paid_search
  discount_code: 
  customer_note: Already applying this at work
}
2026-06-12 15:25:29 | INFO | P03 |   Sending message with key=CA-ON
2026-06-12 15:25:29 | INFO | P03 |   MESSAGE SENT  sent=32
2026-06-12 15:25:31 | INFO | P03 | {
  order_id: d71f2498-1b58-4d6c-8613-e03125f655be
  datetime: 2026-05-04T12:23:00Z
  region_id: US-CA
  currency_code: USD
  product_id: PY-VIZ-003
  unit_price: 39.99
  quantity: 1
  is_online: true
  customer_id: CUST-7653
  is_new_customer: false
  device_type: mobile
  payment_method: apple_pay
  referral_source: social
  discount_code: 
  customer_note: 
}
2026-06-12 15:25:31 | INFO | P03 |   Sending message with key=US-CA
2026-06-12 15:25:31 | INFO | P03 |   MESSAGE SENT  sent=33
2026-06-12 15:25:33 | INFO | P03 | {
  order_id: 6cf3770d-340a-4b36-a1ff-c0e73ceaaf0e
  datetime: 2026-05-04T12:24:00Z
  region_id: US-MO
  currency_code: USD
  product_id: PY-NLP-006
  unit_price: 54.99
  quantity: 1
  is_online: true
  customer_id: CUST-6139
  is_new_customer: false
  device_type: tablet
  payment_method: credit_card
  referral_source: social
  discount_code: 
  customer_note: Love the examples
}
2026-06-12 15:25:33 | INFO | P03 |   Sending message with key=US-MO
2026-06-12 15:25:33 | INFO | P03 |   MESSAGE SENT  sent=34
2026-06-12 15:25:35 | INFO | P03 | {
  order_id: 5e687b11-93d6-4999-94eb-835827055b4a
  datetime: 2026-05-04T12:30:00Z
  region_id: US-CA
  currency_code: USD
  product_id: PY-VIZ-003
  unit_price: 39.99
  quantity: 2
  is_online: true
  customer_id: CUST-2790
  is_new_customer: false
  device_type: desktop
  payment_method: credit_card
  referral_source: social
  discount_code: 
  customer_note: Very helpful
}
2026-06-12 15:25:35 | INFO | P03 |   Sending message with key=US-CA
2026-06-12 15:25:35 | INFO | P03 |   MESSAGE SENT  sent=35
2026-06-12 15:25:37 | INFO | P03 | {
  order_id: d611de65-6c4f-4d98-be66-c2024e9b784d
  datetime: 2026-05-04T12:33:00Z
  region_id: MX-CMX
  currency_code: MXN
  product_id: PY-VIZ-003
  unit_price: 39.99
  quantity: 1
  is_online: true
  customer_id: CUST-7691
  is_new_customer: false
  device_type: tablet
  payment_method: paypal
  referral_source: paid_search
  discount_code: 
  customer_note: Very helpful
}
2026-06-12 15:25:37 | INFO | P03 |   Sending message with key=MX-CMX
2026-06-12 15:25:37 | INFO | P03 |   MESSAGE SENT  sent=36
2026-06-12 15:25:39 | INFO | P03 | {
  order_id: ee5d541b-b139-427b-bbb6-cca7c33f4552
  datetime: 2026-05-04T12:41:00Z
  region_id: US-TX
  currency_code: USD
  product_id: PY-INTRO-001
  unit_price: 29.99
  quantity: 5
  is_online: false
  customer_id: CUST-2200
  is_new_customer: false
  device_type: desktop
  payment_method: credit_card
  referral_source: social
  discount_code: 
  customer_note: Great course!
}
2026-06-12 15:25:39 | INFO | P03 |   Sending message with key=US-TX
2026-06-12 15:25:39 | INFO | P03 |   MESSAGE SENT  sent=37
2026-06-12 15:25:41 | INFO | P03 | {
  order_id: 13c46aba-5aeb-496f-b169-39b2cb940b18
  datetime: 2026-05-04T12:42:00Z
  region_id: US-TX
  currency_code: USD
  product_id: PY-DATA-002
  unit_price: 49.99
  quantity: 1
  is_online: true
  customer_id: CUST-9486
  is_new_customer: false
  device_type: mobile
  payment_method: apple_pay
  referral_source: email
  discount_code: 
  customer_note: Very helpful
}
2026-06-12 15:25:41 | INFO | P03 |   Sending message with key=US-TX
2026-06-12 15:25:41 | INFO | P03 |   MESSAGE SENT  sent=38
2026-06-12 15:25:43 | INFO | P03 | {
  order_id: a1ecdada-a22f-43fe-a98b-275327c2b035
  datetime: 2026-05-04T12:51:00Z
  region_id: US-TX
  currency_code: USD
  product_id: PY-SQL-004
  unit_price: 44.99
  quantity: 1
  is_online: true
  customer_id: CUST-4228
  is_new_customer: false
  device_type: desktop
  payment_method: credit_card
  referral_source: organic
  discount_code: 
  customer_note: 
}
2026-06-12 15:25:43 | INFO | P03 |   Sending message with key=US-TX
2026-06-12 15:25:43 | INFO | P03 |   MESSAGE SENT  sent=39
2026-06-12 15:25:45 | INFO | P03 | {
  order_id: be4612b4-429e-4573-8a1a-1b2b7cbcc28e
  datetime: 2026-05-04T12:58:00Z
  region_id: US-MO
  currency_code: USD
  product_id: PY-INTRO-001
  unit_price: 29.99
  quantity: 1
  is_online: true
  customer_id: CUST-8251
  is_new_customer: false
  device_type: desktop
  payment_method: credit_card
  referral_source: email
  discount_code: 
  customer_note: 
}
2026-06-12 15:25:45 | INFO | P03 |   Sending message with key=US-MO
2026-06-12 15:25:45 | INFO | P03 |   MESSAGE SENT  sent=40
2026-06-12 15:25:47 | INFO | P03 | {
  order_id: 4f68b52f-5f79-48aa-8984-dfffe3c6f167
  datetime: 2026-05-04T13:17:00Z
  region_id: US-CA
  currency_code: USD
  product_id: PY-INTRO-001
  unit_price: 29.99
  quantity: 1
  is_online: true
  customer_id: CUST-5956
  is_new_customer: false
  device_type: tablet
  payment_method: credit_card
  referral_source: email
  discount_code: 
  customer_note: Slower than I expected
}
2026-06-12 15:25:47 | INFO | P03 |   Sending message with key=US-CA
2026-06-12 15:25:47 | INFO | P03 |   MESSAGE SENT  sent=41
2026-06-12 15:25:49 | INFO | P03 | {
  order_id: 52b2092c-89bb-428b-a7a4-2b024e7c8521
  datetime: 2026-05-04T13:20:00Z
  region_id: US-CA
  currency_code: USD
  product_id: PY-STREAM-005
  unit_price: 59.99
  quantity: 1
  is_online: true
  customer_id: CUST-8752
  is_new_customer: false
  device_type: mobile
  payment_method: paypal
  referral_source: paid_search
  discount_code: 
  customer_note: Good but could go deeper
}
2026-06-12 15:25:49 | INFO | P03 |   Sending message with key=US-CA
2026-06-12 15:25:49 | INFO | P03 |   MESSAGE SENT  sent=42
2026-06-12 15:25:51 | INFO | P03 | {
  order_id: baabebfe-7225-412e-ad8e-25d8eea97659
  datetime: 2026-05-04T13:28:00Z
  region_id: US-TX
  currency_code: USD
  product_id: PY-SQL-004
  unit_price: 44.99
  quantity: 2
  is_online: true
  customer_id: CUST-5351
  is_new_customer: false
  device_type: desktop
  payment_method: credit_card
  referral_source: paid_search
  discount_code: 
  customer_note: Recommended by a colleague
}
2026-06-12 15:25:51 | INFO | P03 |   Sending message with key=US-TX
2026-06-12 15:25:51 | INFO | P03 |   MESSAGE SENT  sent=43
2026-06-12 15:25:53 | INFO | P03 | {
  order_id: 5e3bb592-7961-42ae-b9d0-7460a9187473
  datetime: 2026-05-04T13:36:00Z
  region_id: CA-ON
  currency_code: CAD
  product_id: PY-NLP-006
  unit_price: 54.99
  quantity: 4
  is_online: true
  customer_id: CUST-2891
  is_new_customer: false
  device_type: desktop
  payment_method: paypal
  referral_source: paid_search
  discount_code: 
  customer_note: Recommended by a colleague
}
2026-06-12 15:25:53 | INFO | P03 |   Sending message with key=CA-ON
2026-06-12 15:25:53 | INFO | P03 |   MESSAGE SENT  sent=44
2026-06-12 15:25:55 | INFO | P03 | {
  order_id: 98e30deb-4608-4d70-80d6-6dfc3488abe0
  datetime: 2026-05-04T13:36:00Z
  region_id: CA-QC
  currency_code: CAD
  product_id: PY-STREAM-005
  unit_price: 59.99
  quantity: 1
  is_online: true
  customer_id: CUST-5050
  is_new_customer: false
  device_type: desktop
  payment_method: paypal
  referral_source: paid_search
  discount_code: 
  customer_note: Worth every penny
}
2026-06-12 15:25:55 | INFO | P03 |   Sending message with key=CA-QC
2026-06-12 15:25:55 | INFO | P03 |   MESSAGE SENT  sent=45
2026-06-12 15:25:57 | INFO | P03 | {
  order_id: c63829e5-d98f-4d61-94ff-9eee84858af9
  datetime: 2026-05-04T13:43:00Z
  region_id: CA-ON
  currency_code: CAD
  product_id: PY-DATA-002
  unit_price: 49.99
  quantity: 1
  is_online: true
  customer_id: CUST-9849
  is_new_customer: false
  device_type: desktop
  payment_method: credit_card
  referral_source: paid_search
  discount_code: 
  customer_note: 
}
2026-06-12 15:25:57 | INFO | P03 |   Sending message with key=CA-ON
2026-06-12 15:25:57 | INFO | P03 |   MESSAGE SENT  sent=46
2026-06-12 15:25:59 | INFO | P03 | {
  order_id: e6093d4b-9f32-463a-a245-85f0c8e47fb9
  datetime: 2026-05-04T14:17:00Z
  region_id: US-CA
  currency_code: USD
  product_id: PY-SQL-004
  unit_price: 44.99
  quantity: 3
  is_online: true
  customer_id: CUST-8135
  is_new_customer: false
  device_type: desktop
  payment_method: paypal
  referral_source: organic
  discount_code: 
  customer_note: Slower than I expected
}
2026-06-12 15:25:59 | INFO | P03 |   Sending message with key=US-CA
2026-06-12 15:25:59 | INFO | P03 |   MESSAGE SENT  sent=47
2026-06-12 15:26:01 | INFO | P03 | {
  order_id: 76698ca8-703d-4ed1-ab59-159cee460b3a
  datetime: 2026-05-04T14:20:00Z
  region_id: US-MO
  currency_code: USD
  product_id: PY-INTRO-001
  unit_price: 29.99
  quantity: 1
  is_online: true
  customer_id: CUST-7883
  is_new_customer: false
  device_type: desktop
  payment_method: credit_card
  referral_source: organic
  discount_code: 
  customer_note: 
}
2026-06-12 15:26:01 | INFO | P03 |   Sending message with key=US-MO
2026-06-12 15:26:01 | INFO | P03 |   MESSAGE SENT  sent=48
2026-06-12 15:26:03 | INFO | P03 | {
  order_id: cdda7ee3-ba67-43ec-b342-66905d02c519
  datetime: 2026-05-04T14:20:00Z
  region_id: CA-ON
  currency_code: CAD
  product_id: PY-VIZ-003
  unit_price: 39.99
  quantity: 2
  is_online: true
  customer_id: CUST-5051
  is_new_customer: false
  device_type: mobile
  payment_method: paypal
  referral_source: organic
  discount_code: 
  customer_note: Highly recommend
}
2026-06-12 15:26:03 | INFO | P03 |   Sending message with key=CA-ON
2026-06-12 15:26:03 | INFO | P03 |   MESSAGE SENT  sent=49
2026-06-12 15:26:05 | INFO | P03 | {
  order_id: 88e83571-ace3-4960-bbff-a31700bda114
  datetime: 2026-05-04T14:26:00Z
  region_id: US-CA
  currency_code: USD
  product_id: PY-STREAM-005
  unit_price: 59.99
  quantity: 1
  is_online: true
  customer_id: CUST-7071
  is_new_customer: false
  device_type: desktop
  payment_method: paypal
  referral_source: email
  discount_code: 
  customer_note: For my study group
}
2026-06-12 15:26:05 | INFO | P03 |   Sending message with key=US-CA
2026-06-12 15:26:05 | INFO | P03 |   MESSAGE SENT  sent=50
2026-06-12 15:26:07 | INFO | P03 | Checking for rejected records...
2026-06-12 15:26:07 | INFO | P03 |   No records rejected.
2026-06-12 15:26:07 | INFO | P03 | ========================
2026-06-12 15:26:07 | INFO | P03 | SECTION E. Exit
2026-06-12 15:26:07 | INFO | P03 | ========================
2026-06-12 15:26:07 | INFO | P03 | Summary:
2026-06-12 15:26:07 | INFO | P03 | Sent 50 message(s) to topic 'streaming-05-storage-case'.
2026-06-12 15:26:07 | INFO | P03 | Rejected 0 message(s).
2026-06-12 15:26:07 | INFO | P03 | ========================
2026-06-12 15:26:07 | INFO | P03 | Producer executed successfully!
2026-06-12 15:26:07 | INFO | P03 | ========================
2026-06-12 15:30:47 | DEBUG | C05 | KAFKA_BOOTSTRAP_SERVERS           = 172.23.179.180:9092
2026-06-12 15:30:47 | DEBUG | C05 | KAFKA_BROKER_ADDRESS_FAMILY       = v4
2026-06-12 15:30:47 | DEBUG | C05 | KAFKA_TOPIC                       = streaming-05-storage-case
2026-06-12 15:30:47 | DEBUG | C05 | KAFKA_CLEAR_TOPIC_ON_START        = true
2026-06-12 15:30:47 | DEBUG | C05 | PRODUCER_MESSAGE_COUNT            = 50
2026-06-12 15:30:47 | DEBUG | C05 | PRODUCER_MESSAGE_INTERVAL_SECONDS = 2
2026-06-12 15:30:47 | DEBUG | C05 | PRODUCER_MAX_MESSAGES             = 50
2026-06-12 15:30:47 | DEBUG | C05 | PRODUCER_POLL_INTERVAL_SECONDS    = 15
2026-06-12 15:30:47 | DEBUG | C05 | KAFKA_GROUP_ID                    = streaming-consumer-group-A
2026-06-12 15:30:47 | DEBUG | C05 | KAFKA_AUTO_OFFSET_RESET           = earliest
2026-06-12 15:30:47 | DEBUG | C05 | CONSUMER_TIMEOUT_SECONDS          = 10
2026-06-12 15:30:47 | DEBUG | C05 | CONSUMER_MAX_MESSAGES             = 1000
2026-06-12 15:30:47 | INFO | C05 | === RUN START ===
2026-06-12 15:30:47 | INFO | C05 | project=C05
2026-06-12 15:30:47 | INFO | C05 | repo_dir=streaming-05-storage-
2026-06-12 15:30:47 | INFO | C05 | python=3.14.4
2026-06-12 15:30:47 | INFO | C05 | os=Windows 11
2026-06-12 15:30:47 | INFO | C05 | shell=powershell
2026-06-12 15:30:47 | INFO | C05 | cwd=.
2026-06-12 15:30:47 | INFO | C05 | github_actions=False
2026-06-12 15:30:47 | INFO | C05 | ========================
2026-06-12 15:30:47 | INFO | C05 | START consumer main()
2026-06-12 15:30:47 | INFO | C05 | ========================
2026-06-12 15:30:47 | INFO | C05 | ROOT_DIR = .
2026-06-12 15:30:47 | INFO | C05 | DATA_DIR = data
2026-06-12 15:30:47 | INFO | C05 | OUTPUT_CSV = data\output\consumed_sales.csv
2026-06-12 15:30:47 | INFO | C05 | OUTPUT_DB = data\output\sales.duckdb
2026-06-12 15:30:47 | INFO | C05 | REGIONS_CSV = data\regions.csv
2026-06-12 15:30:47 | INFO | C05 | PRODUCTS_CSV = data\products.csv
2026-06-12 15:30:47 | INFO | C05 | CURRENCIES_CSV = data\currencies.csv
2026-06-12 15:30:47 | INFO | C05 | DISCOUNT_CODES_CSV = data\discount_codes.csv
2026-06-12 15:30:47 | INFO | C05 | ========================
2026-06-12 15:30:47 | INFO | C05 | SECTION A. Acquire
2026-06-12 15:30:47 | INFO | C05 | ========================
2026-06-12 15:30:47 | INFO | C05 | Loading settings from .env...
2026-06-12 15:30:47 | INFO | C05 | KAFKA_BOOTSTRAP_SERVERS  = 172.23.179.180:9092
2026-06-12 15:30:47 | INFO | C05 | KAFKA_TOPIC              = streaming-05-storage-case
2026-06-12 15:30:47 | INFO | C05 | KAFKA_GROUP_ID           = streaming-consumer-group-A
2026-06-12 15:30:47 | INFO | C05 | CONSUMER_TIMEOUT_SECONDS = 10.0
2026-06-12 15:30:47 | INFO | C05 | CONSUMER_MAX_MESSAGES    = 1000
2026-06-12 15:30:47 | INFO | C05 | Verifying Kafka connection...
2026-06-12 15:30:47 | INFO | C05 | Kafka port is reachable.
2026-06-12 15:30:47 | INFO | C05 | Verifying Kafka topic...
2026-06-12 15:30:47 | INFO | C05 | Topic 'streaming-05-storage-case' exists.
2026-06-12 15:30:47 | INFO | C05 | Found 50 message(s) available.
2026-06-12 15:30:47 | INFO | C05 | Creating Kafka consumer...
2026-06-12 15:30:47 | INFO | C05 | Subscribed to topic: 'streaming-05-storage-case' (reading from beginning)
2026-06-12 15:30:47 | INFO | C05 | ========================
2026-06-12 15:30:47 | INFO | C05 | SECTION C. Consume and Process Messages
2026-06-12 15:30:47 | INFO | C05 | ========================
2026-06-12 15:30:47 | INFO | C05 | Initializing output...
2026-06-12 15:30:47 | INFO | C05 | Output CSV cleared: consumed_sales.csv
2026-06-12 15:30:48 | INFO | C05 | Database initialized: sales.duckdb
2026-06-12 15:30:48 | INFO | C05 | Loading enrichment reference data...
2026-06-12 15:30:48 | INFO | C05 | Found 6 region tax rates.
2026-06-12 15:30:48 | INFO | C05 | Consuming messages...
2026-06-12 15:30:48 | INFO | C05 | Waiting for up to 1000 message(s).
2026-06-12 15:30:48 | INFO | C05 | Press CTRL+C to stop early.

2026-06-12 15:30:54 | INFO | C05 | {'currency_code': 'USD', 'customer_id': 'CUST-4150', 'customer_note': 'Gift for my team', 'datetime': '2026-05-04T08:11:00Z', 'device_type': 'tablet', 'discount_code': '', 'is_new_customer': 'false', 'is_online': 'true', 'order_id': 'e7324981-a9f0-419f-b708-d0a333451fff', 'payment_method': 'paypal', 'product_id': 'PY-STREAM-005', 'quantity': '3', 'referral_source': 'paid_search', 'region_id': 'US-TX', 'unit_price': '59.99', '_kafka_key': 'US-TX', '_kafka_partition': 0, '_kafka_offset': 0}
2026-06-12 15:30:54 | INFO | C05 | subtotal=179.97
2026-06-12 15:30:54 | INFO | C05 | tax=14.85
2026-06-12 15:30:54 | INFO | C05 | total=194.82
2026-06-12 15:30:54 | INFO | C05 | running_total=194.82
2026-06-12 15:30:58 | INFO | C05 | Wrote valid record to DuckDB:
2026-06-12 15:30:58 | INFO | C05 |   order=e7324981-a9f0-419f-b708-d0a333451fff
2026-06-12 15:30:58 | INFO | C05 | MESSAGE ACCEPTED
2026-06-12 15:30:58 | INFO | C05 | order=e7324981-a9f0-419f-b708-d0a333451fff
2026-06-12 15:30:58 | INFO | C05 | total=$194.82
2026-06-12 15:30:58 | INFO | C05 | consumed=1
2026-06-12 15:30:58 | INFO | C05 | RUNNING STATS
2026-06-12 15:30:58 | INFO | C05 | total_sales=$194.82
2026-06-12 15:30:58 | INFO | C05 | average=$194.82
2026-06-12 15:30:58 | INFO | C05 | min=$194.82
2026-06-12 15:30:58 | INFO | C05 | max=$194.82
2026-06-12 15:30:58 | INFO | C05 | {'currency_code': 'USD', 'customer_id': 'CUST-1106', 'customer_note': 'Gift for my team', 'datetime': '2026-05-04T08:23:00Z', 'device_type': 'mobile', 'discount_code': '', 'is_new_customer': 'false', 'is_online': 'true', 'order_id': 'd61943e0-f543-4b5f-9c9a-18605ea4cfe5', 'payment_method': 'paypal', 'product_id': 'PY-DATA-002', 'quantity': '1', 'referral_source': 'paid_search', 'region_id': 'US-TX', 'unit_price': '49.99', '_kafka_key': 'US-TX', '_kafka_partition': 0, '_kafka_offset': 1}
2026-06-12 15:30:58 | INFO | C05 | subtotal=49.99
2026-06-12 15:30:58 | INFO | C05 | tax=4.12
2026-06-12 15:30:58 | INFO | C05 | total=54.11
2026-06-12 15:30:58 | INFO | C05 | running_total=248.93
2026-06-12 15:30:58 | INFO | C05 | Wrote valid record to DuckDB:
2026-06-12 15:30:58 | INFO | C05 |   order=d61943e0-f543-4b5f-9c9a-18605ea4cfe5
2026-06-12 15:30:58 | INFO | C05 | MESSAGE ACCEPTED
2026-06-12 15:30:58 | INFO | C05 | order=d61943e0-f543-4b5f-9c9a-18605ea4cfe5
2026-06-12 15:30:58 | INFO | C05 | total=$54.11
2026-06-12 15:30:58 | INFO | C05 | consumed=2
2026-06-12 15:30:58 | INFO | C05 | RUNNING STATS
2026-06-12 15:30:58 | INFO | C05 | total_sales=$248.93
2026-06-12 15:30:58 | INFO | C05 | average=$124.47
2026-06-12 15:30:58 | INFO | C05 | min=$54.11
2026-06-12 15:30:58 | INFO | C05 | max=$194.82
2026-06-12 15:30:58 | INFO | C05 | {'currency_code': 'CAD', 'customer_id': 'CUST-2133', 'customer_note': 'Learning at my own pace', 'datetime': '2026-05-04T08:28:00Z', 'device_type': 'desktop', 'discount_code': '', 'is_new_customer': 'false', 'is_online': 'true', 'order_id': '14da1915-8e74-47be-9e10-f7275d31af46', 'payment_method': 'paypal', 'product_id': 'PY-NLP-006', 'quantity': '1', 'referral_source': 'organic', 'region_id': 'CA-QC', 'unit_price': '54.99', '_kafka_key': 'CA-QC', '_kafka_partition': 0, '_kafka_offset': 2}
2026-06-12 15:30:58 | INFO | C05 | subtotal=54.99
2026-06-12 15:30:58 | INFO | C05 | tax=8.23
2026-06-12 15:30:58 | INFO | C05 | total=63.22
2026-06-12 15:30:58 | INFO | C05 | running_total=312.15
2026-06-12 15:30:58 | INFO | C05 | Wrote valid record to DuckDB:
2026-06-12 15:30:58 | INFO | C05 |   order=14da1915-8e74-47be-9e10-f7275d31af46
2026-06-12 15:30:58 | INFO | C05 | MESSAGE ACCEPTED
2026-06-12 15:30:58 | INFO | C05 | order=14da1915-8e74-47be-9e10-f7275d31af46
2026-06-12 15:30:58 | INFO | C05 | total=$63.22
2026-06-12 15:30:58 | INFO | C05 | consumed=3
2026-06-12 15:30:58 | INFO | C05 | RUNNING STATS
2026-06-12 15:30:58 | INFO | C05 | total_sales=$312.15
2026-06-12 15:30:58 | INFO | C05 | average=$104.05
2026-06-12 15:30:58 | INFO | C05 | min=$54.11
2026-06-12 15:30:58 | INFO | C05 | max=$194.82
2026-06-12 15:30:58 | INFO | C05 | {'currency_code': 'USD', 'customer_id': 'CUST-5333', 'customer_note': 'Highly recommend', 'datetime': '2026-05-04T08:40:00Z', 'device_type': 'mobile', 'discount_code': '', 'is_new_customer': 'false', 'is_online': 'true', 'order_id': 'd77ed935-9b28-431d-bc25-0a3fd98f4154', 'payment_method': 'paypal', 'product_id': 'PY-STREAM-005', 'quantity': '1', 'referral_source': 'organic', 'region_id': 'US-CA', 'unit_price': '59.99', '_kafka_key': 'US-CA', '_kafka_partition': 0, '_kafka_offset': 3}
2026-06-12 15:30:58 | INFO | C05 | subtotal=59.99
2026-06-12 15:30:58 | INFO | C05 | tax=5.7
2026-06-12 15:30:58 | INFO | C05 | total=65.69
2026-06-12 15:30:58 | INFO | C05 | running_total=377.84
2026-06-12 15:30:58 | INFO | C05 | Wrote valid record to DuckDB:
2026-06-12 15:30:58 | INFO | C05 |   order=d77ed935-9b28-431d-bc25-0a3fd98f4154
2026-06-12 15:30:58 | INFO | C05 | MESSAGE ACCEPTED
2026-06-12 15:30:58 | INFO | C05 | order=d77ed935-9b28-431d-bc25-0a3fd98f4154
2026-06-12 15:30:58 | INFO | C05 | total=$65.69
2026-06-12 15:30:58 | INFO | C05 | consumed=4
2026-06-12 15:30:58 | INFO | C05 | RUNNING STATS
2026-06-12 15:30:58 | INFO | C05 | total_sales=$377.84
2026-06-12 15:30:58 | INFO | C05 | average=$94.46
2026-06-12 15:30:58 | INFO | C05 | min=$54.11
2026-06-12 15:30:58 | INFO | C05 | max=$194.82
2026-06-12 15:30:58 | INFO | C05 | {'currency_code': 'USD', 'customer_id': 'CUST-8573', 'customer_note': 'Learning at my own pace', 'datetime': '2026-05-04T08:41:00Z', 'device_type': 'mobile', 'discount_code': '', 'is_new_customer': 'false', 'is_online': 'true', 'order_id': '24b91995-25f8-4ad7-8fa6-2e4c15750e5e', 'payment_method': 'apple_pay', 'product_id': 'PY-VIZ-003', 'quantity': '1', 'referral_source': 'paid_search', 'region_id': 'US-MO', 'unit_price': '39.99', '_kafka_key': 'US-MO', '_kafka_partition': 0, '_kafka_offset': 4}
2026-06-12 15:30:58 | INFO | C05 | subtotal=39.99
2026-06-12 15:30:58 | INFO | C05 | tax=3.2
2026-06-12 15:30:58 | INFO | C05 | total=43.19
2026-06-12 15:30:58 | INFO | C05 | running_total=421.03
2026-06-12 15:30:58 | INFO | C05 | Wrote valid record to DuckDB:
2026-06-12 15:30:58 | INFO | C05 |   order=24b91995-25f8-4ad7-8fa6-2e4c15750e5e
2026-06-12 15:30:58 | INFO | C05 | MESSAGE ACCEPTED
2026-06-12 15:30:58 | INFO | C05 | order=24b91995-25f8-4ad7-8fa6-2e4c15750e5e
2026-06-12 15:30:58 | INFO | C05 | total=$43.19
2026-06-12 15:30:58 | INFO | C05 | consumed=5
2026-06-12 15:30:58 | INFO | C05 | RUNNING STATS
2026-06-12 15:30:58 | INFO | C05 | total_sales=$421.03
2026-06-12 15:30:58 | INFO | C05 | average=$84.21
2026-06-12 15:30:58 | INFO | C05 | min=$43.19
2026-06-12 15:30:58 | INFO | C05 | max=$194.82
2026-06-12 15:30:58 | INFO | C05 | {'currency_code': 'CAD', 'customer_id': 'CUST-8062', 'customer_note': '', 'datetime': '2026-05-04T08:54:00Z', 'device_type': 'tablet', 'discount_code': '', 'is_new_customer': 'false', 'is_online': 'true', 'order_id': '1ec0fc8b-998c-4f43-8a66-19e1fa7d5fa8', 'payment_method': 'paypal', 'product_id': 'PY-SQL-004', 'quantity': '1', 'referral_source': 'organic', 'region_id': 'CA-ON', 'unit_price': '44.99', '_kafka_key': 'CA-ON', '_kafka_partition': 0, '_kafka_offset': 5}
2026-06-12 15:30:58 | INFO | C05 | subtotal=44.99
2026-06-12 15:30:58 | INFO | C05 | tax=5.85
2026-06-12 15:30:58 | INFO | C05 | total=50.84
2026-06-12 15:30:58 | INFO | C05 | running_total=471.87
2026-06-12 15:30:58 | INFO | C05 | Wrote valid record to DuckDB:
2026-06-12 15:30:58 | INFO | C05 |   order=1ec0fc8b-998c-4f43-8a66-19e1fa7d5fa8
2026-06-12 15:30:58 | INFO | C05 | MESSAGE ACCEPTED
2026-06-12 15:30:58 | INFO | C05 | order=1ec0fc8b-998c-4f43-8a66-19e1fa7d5fa8
2026-06-12 15:30:58 | INFO | C05 | total=$50.84
2026-06-12 15:30:58 | INFO | C05 | consumed=6
2026-06-12 15:30:58 | INFO | C05 | RUNNING STATS
2026-06-12 15:30:58 | INFO | C05 | total_sales=$471.87
2026-06-12 15:30:58 | INFO | C05 | average=$78.64
2026-06-12 15:30:58 | INFO | C05 | min=$43.19
2026-06-12 15:30:58 | INFO | C05 | max=$194.82
2026-06-12 15:30:58 | INFO | C05 | {'currency_code': 'CAD', 'customer_id': 'CUST-9348', 'customer_note': 'For my study group', 'datetime': '2026-05-04T09:07:00Z', 'device_type': 'desktop', 'discount_code': '', 'is_new_customer': 'false', 'is_online': 'false', 'order_id': '392dd49b-b385-499c-9b4a-a38387fa39ae', 'payment_method': 'credit_card', 'product_id': 'PY-INTRO-001', 'quantity': '1', 'referral_source': 'paid_search', 'region_id': 'CA-ON', 'unit_price': '29.99', '_kafka_key': 'CA-ON', '_kafka_partition': 0, '_kafka_offset': 6}
2026-06-12 15:30:58 | INFO | C05 | subtotal=29.99
2026-06-12 15:30:58 | INFO | C05 | tax=3.9
2026-06-12 15:30:58 | INFO | C05 | total=33.89
2026-06-12 15:30:58 | INFO | C05 | running_total=505.76
2026-06-12 15:30:58 | INFO | C05 | Wrote valid record to DuckDB:
2026-06-12 15:30:58 | INFO | C05 |   order=392dd49b-b385-499c-9b4a-a38387fa39ae
2026-06-12 15:30:58 | INFO | C05 | MESSAGE ACCEPTED
2026-06-12 15:30:58 | INFO | C05 | order=392dd49b-b385-499c-9b4a-a38387fa39ae
2026-06-12 15:30:58 | INFO | C05 | total=$33.89
2026-06-12 15:30:58 | INFO | C05 | consumed=7
2026-06-12 15:30:58 | INFO | C05 | RUNNING STATS
2026-06-12 15:30:58 | INFO | C05 | total_sales=$505.76
2026-06-12 15:30:58 | INFO | C05 | average=$72.25
2026-06-12 15:30:58 | INFO | C05 | min=$33.89
2026-06-12 15:30:58 | INFO | C05 | max=$194.82
2026-06-12 15:30:58 | INFO | C05 | {'currency_code': 'USD', 'customer_id': 'CUST-5889', 'customer_note': '', 'datetime': '2026-05-04T09:15:00Z', 'device_type': 'tablet', 'discount_code': '', 'is_new_customer': 'false', 'is_online': 'true', 'order_id': '02782ab7-dd7d-4ebe-8abc-ef81cdc4193b', 'payment_method': 'paypal', 'product_id': 'PY-VIZ-003', 'quantity': '1', 'referral_source': 'organic', 'region_id': 'US-CA', 'unit_price': '39.99', '_kafka_key': 'US-CA', '_kafka_partition': 0, '_kafka_offset': 7}
2026-06-12 15:30:58 | INFO | C05 | subtotal=39.99
2026-06-12 15:30:58 | INFO | C05 | tax=3.8
2026-06-12 15:30:58 | INFO | C05 | total=43.79
2026-06-12 15:30:58 | INFO | C05 | running_total=549.55
2026-06-12 15:30:58 | INFO | C05 | Wrote valid record to DuckDB:
2026-06-12 15:30:58 | INFO | C05 |   order=02782ab7-dd7d-4ebe-8abc-ef81cdc4193b
2026-06-12 15:30:58 | INFO | C05 | MESSAGE ACCEPTED
2026-06-12 15:30:58 | INFO | C05 | order=02782ab7-dd7d-4ebe-8abc-ef81cdc4193b
2026-06-12 15:30:58 | INFO | C05 | total=$43.79
2026-06-12 15:30:58 | INFO | C05 | consumed=8
2026-06-12 15:30:58 | INFO | C05 | RUNNING STATS
2026-06-12 15:30:58 | INFO | C05 | total_sales=$549.55
2026-06-12 15:30:58 | INFO | C05 | average=$68.69
2026-06-12 15:30:58 | INFO | C05 | min=$33.89
2026-06-12 15:30:58 | INFO | C05 | max=$194.82
2026-06-12 15:30:58 | INFO | C05 | {'currency_code': 'CAD', 'customer_id': 'CUST-4770', 'customer_note': 'Excellent content', 'datetime': '2026-05-04T09:19:00Z', 'device_type': 'desktop', 'discount_code': '', 'is_new_customer': 'false', 'is_online': 'true', 'order_id': '67bd3492-cc96-429a-9a91-1b4d2132d261', 'payment_method': 'credit_card', 'product_id': 'PY-VIZ-003', 'quantity': '1', 'referral_source': 'paid_search', 'region_id': 'CA-ON', 'unit_price': '39.99', '_kafka_key': 'CA-ON', '_kafka_partition': 0, '_kafka_offset': 8}
2026-06-12 15:30:58 | INFO | C05 | subtotal=39.99
2026-06-12 15:30:58 | INFO | C05 | tax=5.2
2026-06-12 15:30:58 | INFO | C05 | total=45.19
2026-06-12 15:30:58 | INFO | C05 | running_total=594.74
2026-06-12 15:30:59 | INFO | C05 | Wrote valid record to DuckDB:
2026-06-12 15:30:59 | INFO | C05 |   order=67bd3492-cc96-429a-9a91-1b4d2132d261
2026-06-12 15:30:59 | INFO | C05 | MESSAGE ACCEPTED
2026-06-12 15:30:59 | INFO | C05 | order=67bd3492-cc96-429a-9a91-1b4d2132d261
2026-06-12 15:30:59 | INFO | C05 | total=$45.19
2026-06-12 15:30:59 | INFO | C05 | consumed=9
2026-06-12 15:30:59 | INFO | C05 | RUNNING STATS
2026-06-12 15:30:59 | INFO | C05 | total_sales=$594.74
2026-06-12 15:30:59 | INFO | C05 | average=$66.08
2026-06-12 15:30:59 | INFO | C05 | min=$33.89
2026-06-12 15:30:59 | INFO | C05 | max=$194.82
2026-06-12 15:30:59 | INFO | C05 | {'currency_code': 'MXN', 'customer_id': 'CUST-6168', 'customer_note': '', 'datetime': '2026-05-04T09:37:00Z', 'device_type': 'desktop', 'discount_code': '', 'is_new_customer': 'false', 'is_online': 'true', 'order_id': '0a021628-6937-4876-8875-b00c07a39e0f', 'payment_method': 'paypal', 'product_id': 'PY-DATA-002', 'quantity': '1', 'referral_source': 'organic', 'region_id': 'MX-CMX', 'unit_price': '49.99', '_kafka_key': 'MX-CMX', '_kafka_partition': 0, '_kafka_offset': 9}
2026-06-12 15:30:59 | INFO | C05 | subtotal=49.99
2026-06-12 15:30:59 | INFO | C05 | tax=8.0
2026-06-12 15:30:59 | INFO | C05 | total=57.99
2026-06-12 15:30:59 | INFO | C05 | running_total=652.73
2026-06-12 15:30:59 | INFO | C05 | Wrote valid record to DuckDB:
2026-06-12 15:30:59 | INFO | C05 |   order=0a021628-6937-4876-8875-b00c07a39e0f
2026-06-12 15:30:59 | INFO | C05 | MESSAGE ACCEPTED
2026-06-12 15:30:59 | INFO | C05 | order=0a021628-6937-4876-8875-b00c07a39e0f
2026-06-12 15:30:59 | INFO | C05 | total=$57.99
2026-06-12 15:30:59 | INFO | C05 | consumed=10
2026-06-12 15:30:59 | INFO | C05 | RUNNING STATS
2026-06-12 15:30:59 | INFO | C05 | total_sales=$652.73
2026-06-12 15:30:59 | INFO | C05 | average=$65.27
2026-06-12 15:30:59 | INFO | C05 | min=$33.89
2026-06-12 15:30:59 | INFO | C05 | max=$194.82
2026-06-12 15:30:59 | INFO | C05 | {'currency_code': 'USD', 'customer_id': 'CUST-3340', 'customer_note': 'Recommended by a colleague', 'datetime': '2026-05-04T09:42:00Z', 'device_type': 'tablet', 'discount_code': '', 'is_new_customer': 'false', 'is_online': 'true', 'order_id': 'b05fc600-a5fc-4826-934c-cc1f188b0715', 'payment_method': 'credit_card', 'product_id': 'PY-DATA-002', 'quantity': '3', 'referral_source': 'organic', 'region_id': 'US-MO', 'unit_price': '49.99', '_kafka_key': 'US-MO', '_kafka_partition': 0, '_kafka_offset': 10}
2026-06-12 15:30:59 | INFO | C05 | subtotal=149.97
2026-06-12 15:30:59 | INFO | C05 | tax=12.0
2026-06-12 15:30:59 | INFO | C05 | total=161.97
2026-06-12 15:30:59 | INFO | C05 | running_total=814.70
2026-06-12 15:30:59 | INFO | C05 | Wrote valid record to DuckDB:
2026-06-12 15:30:59 | INFO | C05 |   order=b05fc600-a5fc-4826-934c-cc1f188b0715
2026-06-12 15:30:59 | INFO | C05 | MESSAGE ACCEPTED
2026-06-12 15:30:59 | INFO | C05 | order=b05fc600-a5fc-4826-934c-cc1f188b0715
2026-06-12 15:30:59 | INFO | C05 | total=$161.97
2026-06-12 15:30:59 | INFO | C05 | consumed=11
2026-06-12 15:30:59 | INFO | C05 | RUNNING STATS
2026-06-12 15:30:59 | INFO | C05 | total_sales=$814.70
2026-06-12 15:30:59 | INFO | C05 | average=$74.06
2026-06-12 15:30:59 | INFO | C05 | min=$33.89
2026-06-12 15:30:59 | INFO | C05 | max=$194.82
2026-06-12 15:30:59 | INFO | C05 | {'currency_code': 'USD', 'customer_id': 'CUST-8668', 'customer_note': '', 'datetime': '2026-05-04T10:06:00Z', 'device_type': 'mobile', 'discount_code': '', 'is_new_customer': 'false', 'is_online': 'true', 'order_id': '03d437fb-6966-47ad-a67a-728630c8b3f8', 'payment_method': 'apple_pay', 'product_id': 'PY-INTRO-001', 'quantity': '1', 'referral_source': 'email', 'region_id': 'US-MO', 'unit_price': '29.99', '_kafka_key': 'US-MO', '_kafka_partition': 0, '_kafka_offset': 11}
2026-06-12 15:30:59 | INFO | C05 | subtotal=29.99
2026-06-12 15:30:59 | INFO | C05 | tax=2.4
2026-06-12 15:30:59 | INFO | C05 | total=32.39
2026-06-12 15:30:59 | INFO | C05 | running_total=847.09
2026-06-12 15:30:59 | INFO | C05 | Wrote valid record to DuckDB:
2026-06-12 15:30:59 | INFO | C05 |   order=03d437fb-6966-47ad-a67a-728630c8b3f8
2026-06-12 15:30:59 | INFO | C05 | MESSAGE ACCEPTED
2026-06-12 15:30:59 | INFO | C05 | order=03d437fb-6966-47ad-a67a-728630c8b3f8
2026-06-12 15:30:59 | INFO | C05 | total=$32.39
2026-06-12 15:30:59 | INFO | C05 | consumed=12
2026-06-12 15:30:59 | INFO | C05 | RUNNING STATS
2026-06-12 15:30:59 | INFO | C05 | total_sales=$847.09
2026-06-12 15:30:59 | INFO | C05 | average=$70.59
2026-06-12 15:30:59 | INFO | C05 | min=$32.39
2026-06-12 15:30:59 | INFO | C05 | max=$194.82
2026-06-12 15:30:59 | INFO | C05 | {'currency_code': 'USD', 'customer_id': 'CUST-2827', 'customer_note': 'Learning at my own pace', 'datetime': '2026-05-04T10:15:00Z', 'device_type': 'tablet', 'discount_code': '', 'is_new_customer': 'false', 'is_online': 'true', 'order_id': '6914aea4-448f-4dc1-b68f-0fe4a2c06188', 'payment_method': 'credit_card', 'product_id': 'PY-DATA-002', 'quantity': '1', 'referral_source': 'organic', 'region_id': 'US-TX', 'unit_price': '49.99', '_kafka_key': 'US-TX', '_kafka_partition': 0, '_kafka_offset': 12}
2026-06-12 15:30:59 | INFO | C05 | subtotal=49.99
2026-06-12 15:30:59 | INFO | C05 | tax=4.12
2026-06-12 15:30:59 | INFO | C05 | total=54.11
2026-06-12 15:30:59 | INFO | C05 | running_total=901.20
2026-06-12 15:30:59 | INFO | C05 | Wrote valid record to DuckDB:
2026-06-12 15:30:59 | INFO | C05 |   order=6914aea4-448f-4dc1-b68f-0fe4a2c06188
2026-06-12 15:30:59 | INFO | C05 | MESSAGE ACCEPTED
2026-06-12 15:30:59 | INFO | C05 | order=6914aea4-448f-4dc1-b68f-0fe4a2c06188
2026-06-12 15:30:59 | INFO | C05 | total=$54.11
2026-06-12 15:30:59 | INFO | C05 | consumed=13
2026-06-12 15:30:59 | INFO | C05 | RUNNING STATS
2026-06-12 15:30:59 | INFO | C05 | total_sales=$901.20
2026-06-12 15:30:59 | INFO | C05 | average=$69.32
2026-06-12 15:30:59 | INFO | C05 | min=$32.39
2026-06-12 15:30:59 | INFO | C05 | max=$194.82
2026-06-12 15:30:59 | INFO | C05 | {'currency_code': 'USD', 'customer_id': 'CUST-4295', 'customer_note': 'For my study group', 'datetime': '2026-05-04T10:16:00Z', 'device_type': 'desktop', 'discount_code': '', 'is_new_customer': 'false', 'is_online': 'false', 'order_id': 'e1adb233-3aa8-4d60-9684-1ddf52e9d656', 'payment_method': 'paypal', 'product_id': 'PY-STREAM-005', 'quantity': '5', 'referral_source': 'organic', 'region_id': 'US-MO', 'unit_price': '59.99', '_kafka_key': 'US-MO', '_kafka_partition': 0, '_kafka_offset': 13}
2026-06-12 15:30:59 | INFO | C05 | subtotal=299.95
2026-06-12 15:30:59 | INFO | C05 | tax=24.0
2026-06-12 15:30:59 | INFO | C05 | total=323.95
2026-06-12 15:30:59 | INFO | C05 | running_total=1225.15
2026-06-12 15:30:59 | INFO | C05 | Wrote valid record to DuckDB:
2026-06-12 15:30:59 | INFO | C05 |   order=e1adb233-3aa8-4d60-9684-1ddf52e9d656
2026-06-12 15:30:59 | INFO | C05 | MESSAGE ACCEPTED
2026-06-12 15:30:59 | INFO | C05 | order=e1adb233-3aa8-4d60-9684-1ddf52e9d656
2026-06-12 15:30:59 | INFO | C05 | total=$323.95
2026-06-12 15:30:59 | INFO | C05 | consumed=14
2026-06-12 15:30:59 | INFO | C05 | RUNNING STATS
2026-06-12 15:30:59 | INFO | C05 | total_sales=$1,225.15
2026-06-12 15:30:59 | INFO | C05 | average=$87.51
2026-06-12 15:30:59 | INFO | C05 | min=$32.39
2026-06-12 15:30:59 | INFO | C05 | max=$323.95
2026-06-12 15:30:59 | INFO | C05 | {'currency_code': 'USD', 'customer_id': 'CUST-8953', 'customer_note': 'For my study group', 'datetime': '2026-05-04T10:30:00Z', 'device_type': 'desktop', 'discount_code': '', 'is_new_customer': 'false', 'is_online': 'true', 'order_id': '80e9a9ea-9add-4d51-981a-d26aaacd4dc9', 'payment_method': 'credit_card', 'product_id': 'PY-DATA-002', 'quantity': '1', 'referral_source': 'social', 'region_id': 'US-MO', 'unit_price': '49.99', '_kafka_key': 'US-MO', '_kafka_partition': 0, '_kafka_offset': 14}
2026-06-12 15:30:59 | INFO | C05 | subtotal=49.99
2026-06-12 15:30:59 | INFO | C05 | tax=4.0
2026-06-12 15:30:59 | INFO | C05 | total=53.99
2026-06-12 15:30:59 | INFO | C05 | running_total=1279.14
2026-06-12 15:30:59 | INFO | C05 | Wrote valid record to DuckDB:
2026-06-12 15:30:59 | INFO | C05 |   order=80e9a9ea-9add-4d51-981a-d26aaacd4dc9
2026-06-12 15:30:59 | INFO | C05 | MESSAGE ACCEPTED
2026-06-12 15:30:59 | INFO | C05 | order=80e9a9ea-9add-4d51-981a-d26aaacd4dc9
2026-06-12 15:30:59 | INFO | C05 | total=$53.99
2026-06-12 15:30:59 | INFO | C05 | consumed=15
2026-06-12 15:30:59 | INFO | C05 | RUNNING STATS
2026-06-12 15:30:59 | INFO | C05 | total_sales=$1,279.14
2026-06-12 15:30:59 | INFO | C05 | average=$85.28
2026-06-12 15:30:59 | INFO | C05 | min=$32.39
2026-06-12 15:30:59 | INFO | C05 | max=$323.95
2026-06-12 15:30:59 | INFO | C05 | {'currency_code': 'CAD', 'customer_id': 'CUST-1488', 'customer_note': '', 'datetime': '2026-05-04T10:43:00Z', 'device_type': 'mobile', 'discount_code': '', 'is_new_customer': 'true', 'is_online': 'true', 'order_id': '68920c43-44f0-4e51-bd21-7904c9427810', 'payment_method': 'apple_pay', 'product_id': 'PY-INTRO-001', 'quantity': '1', 'referral_source': 'organic', 'region_id': 'CA-ON', 'unit_price': '29.99', '_kafka_key': 'CA-ON', '_kafka_partition': 0, '_kafka_offset': 15}
2026-06-12 15:30:59 | INFO | C05 | subtotal=29.99
2026-06-12 15:30:59 | INFO | C05 | tax=3.9
2026-06-12 15:30:59 | INFO | C05 | total=33.89
2026-06-12 15:30:59 | INFO | C05 | running_total=1313.03
2026-06-12 15:30:59 | INFO | C05 | Wrote valid record to DuckDB:
2026-06-12 15:30:59 | INFO | C05 |   order=68920c43-44f0-4e51-bd21-7904c9427810
2026-06-12 15:30:59 | INFO | C05 | MESSAGE ACCEPTED
2026-06-12 15:30:59 | INFO | C05 | order=68920c43-44f0-4e51-bd21-7904c9427810
2026-06-12 15:30:59 | INFO | C05 | total=$33.89
2026-06-12 15:30:59 | INFO | C05 | consumed=16
2026-06-12 15:30:59 | INFO | C05 | RUNNING STATS
2026-06-12 15:30:59 | INFO | C05 | total_sales=$1,313.03
2026-06-12 15:30:59 | INFO | C05 | average=$82.06
2026-06-12 15:30:59 | INFO | C05 | min=$32.39
2026-06-12 15:30:59 | INFO | C05 | max=$323.95
2026-06-12 15:30:59 | INFO | C05 | {'currency_code': 'USD', 'customer_id': 'CUST-1319', 'customer_note': 'Recommended by a colleague', 'datetime': '2026-05-04T10:43:00Z', 'device_type': 'desktop', 'discount_code': '', 'is_new_customer': 'false', 'is_online': 'true', 'order_id': 'd22acb5c-8fa2-437a-be68-16a3407c5919', 'payment_method': 'credit_card', 'product_id': 'PY-SQL-004', 'quantity': '1', 'referral_source': 'social', 'region_id': 'US-MO', 'unit_price': '44.99', '_kafka_key': 'US-MO', '_kafka_partition': 0, '_kafka_offset': 16}
2026-06-12 15:30:59 | INFO | C05 | subtotal=44.99
2026-06-12 15:30:59 | INFO | C05 | tax=3.6
2026-06-12 15:30:59 | INFO | C05 | total=48.59
2026-06-12 15:30:59 | INFO | C05 | running_total=1361.62
2026-06-12 15:30:59 | INFO | C05 | Wrote valid record to DuckDB:
2026-06-12 15:30:59 | INFO | C05 |   order=d22acb5c-8fa2-437a-be68-16a3407c5919
2026-06-12 15:30:59 | INFO | C05 | MESSAGE ACCEPTED
2026-06-12 15:30:59 | INFO | C05 | order=d22acb5c-8fa2-437a-be68-16a3407c5919
2026-06-12 15:30:59 | INFO | C05 | total=$48.59
2026-06-12 15:30:59 | INFO | C05 | consumed=17
2026-06-12 15:30:59 | INFO | C05 | RUNNING STATS
2026-06-12 15:30:59 | INFO | C05 | total_sales=$1,361.62
2026-06-12 15:30:59 | INFO | C05 | average=$80.10
2026-06-12 15:30:59 | INFO | C05 | min=$32.39
2026-06-12 15:30:59 | INFO | C05 | max=$323.95
2026-06-12 15:30:59 | INFO | C05 | {'currency_code': 'USD', 'customer_id': 'CUST-6977', 'customer_note': 'For my study group', 'datetime': '2026-05-04T11:00:00Z', 'device_type': 'desktop', 'discount_code': '', 'is_new_customer': 'false', 'is_online': 'true', 'order_id': '89715d88-8d25-4fee-9179-438fe49ebd60', 'payment_method': 'credit_card', 'product_id': 'PY-INTRO-001', 'quantity': '1', 'referral_source': 'email', 'region_id': 'US-TX', 'unit_price': '29.99', '_kafka_key': 'US-TX', '_kafka_partition': 0, '_kafka_offset': 17}
2026-06-12 15:30:59 | INFO | C05 | subtotal=29.99
2026-06-12 15:30:59 | INFO | C05 | tax=2.47
2026-06-12 15:30:59 | INFO | C05 | total=32.46
2026-06-12 15:30:59 | INFO | C05 | running_total=1394.08
2026-06-12 15:30:59 | INFO | C05 | Wrote valid record to DuckDB:
2026-06-12 15:30:59 | INFO | C05 |   order=89715d88-8d25-4fee-9179-438fe49ebd60
2026-06-12 15:30:59 | INFO | C05 | MESSAGE ACCEPTED
2026-06-12 15:30:59 | INFO | C05 | order=89715d88-8d25-4fee-9179-438fe49ebd60
2026-06-12 15:30:59 | INFO | C05 | total=$32.46
2026-06-12 15:30:59 | INFO | C05 | consumed=18
2026-06-12 15:30:59 | INFO | C05 | RUNNING STATS
2026-06-12 15:30:59 | INFO | C05 | total_sales=$1,394.08
2026-06-12 15:30:59 | INFO | C05 | average=$77.45
2026-06-12 15:30:59 | INFO | C05 | min=$32.39
2026-06-12 15:30:59 | INFO | C05 | max=$323.95
2026-06-12 15:30:59 | INFO | C05 | {'currency_code': 'MXN', 'customer_id': 'CUST-9099', 'customer_note': 'Learning at my own pace', 'datetime': '2026-05-04T11:06:00Z', 'device_type': 'desktop', 'discount_code': '', 'is_new_customer': 'false', 'is_online': 'true', 'order_id': '733e6b9b-c9e7-49ef-82d8-b976d0df90cc', 'payment_method': 'paypal', 'product_id': 'PY-INTRO-001', 'quantity': '1', 'referral_source': 'paid_search', 'region_id': 'MX-CMX', 'unit_price': '29.99', '_kafka_key': 'MX-CMX', '_kafka_partition': 0, '_kafka_offset': 18}
2026-06-12 15:30:59 | INFO | C05 | subtotal=29.99
2026-06-12 15:30:59 | INFO | C05 | tax=4.8
2026-06-12 15:30:59 | INFO | C05 | total=34.79
2026-06-12 15:30:59 | INFO | C05 | running_total=1428.87
2026-06-12 15:31:00 | INFO | C05 | Wrote valid record to DuckDB:
2026-06-12 15:31:00 | INFO | C05 |   order=733e6b9b-c9e7-49ef-82d8-b976d0df90cc
2026-06-12 15:31:00 | INFO | C05 | MESSAGE ACCEPTED
2026-06-12 15:31:00 | INFO | C05 | order=733e6b9b-c9e7-49ef-82d8-b976d0df90cc
2026-06-12 15:31:00 | INFO | C05 | total=$34.79
2026-06-12 15:31:00 | INFO | C05 | consumed=19
2026-06-12 15:31:00 | INFO | C05 | RUNNING STATS
2026-06-12 15:31:00 | INFO | C05 | total_sales=$1,428.87
2026-06-12 15:31:00 | INFO | C05 | average=$75.20
2026-06-12 15:31:00 | INFO | C05 | min=$32.39
2026-06-12 15:31:00 | INFO | C05 | max=$323.95
2026-06-12 15:31:00 | INFO | C05 | {'currency_code': 'USD', 'customer_id': 'CUST-4878', 'customer_note': 'Learning at my own pace', 'datetime': '2026-05-04T11:10:00Z', 'device_type': 'mobile', 'discount_code': '', 'is_new_customer': 'true', 'is_online': 'true', 'order_id': '267b5686-afa9-4ce6-bf68-4b861afa6a29', 'payment_method': 'apple_pay', 'product_id': 'PY-NLP-006', 'quantity': '5', 'referral_source': 'email', 'region_id': 'US-MO', 'unit_price': '54.99', '_kafka_key': 'US-MO', '_kafka_partition': 0, '_kafka_offset': 19}
2026-06-12 15:31:00 | INFO | C05 | subtotal=274.95
2026-06-12 15:31:00 | INFO | C05 | tax=22.0
2026-06-12 15:31:00 | INFO | C05 | total=296.95
2026-06-12 15:31:00 | INFO | C05 | running_total=1725.82
2026-06-12 15:31:00 | INFO | C05 | Wrote valid record to DuckDB:
2026-06-12 15:31:00 | INFO | C05 |   order=267b5686-afa9-4ce6-bf68-4b861afa6a29
2026-06-12 15:31:00 | INFO | C05 | MESSAGE ACCEPTED
2026-06-12 15:31:00 | INFO | C05 | order=267b5686-afa9-4ce6-bf68-4b861afa6a29
2026-06-12 15:31:00 | INFO | C05 | total=$296.95
2026-06-12 15:31:00 | INFO | C05 | consumed=20
2026-06-12 15:31:00 | INFO | C05 | RUNNING STATS
2026-06-12 15:31:00 | INFO | C05 | total_sales=$1,725.82
2026-06-12 15:31:00 | INFO | C05 | average=$86.29
2026-06-12 15:31:00 | INFO | C05 | min=$32.39
2026-06-12 15:31:00 | INFO | C05 | max=$323.95
2026-06-12 15:31:00 | INFO | C05 | {'currency_code': 'USD', 'customer_id': 'CUST-7570', 'customer_note': 'Excellent content', 'datetime': '2026-05-04T11:12:00Z', 'device_type': 'mobile', 'discount_code': '', 'is_new_customer': 'true', 'is_online': 'true', 'order_id': 'd6710a67-a351-4185-8d11-3b4e71407f5b', 'payment_method': 'credit_card', 'product_id': 'PY-STREAM-005', 'quantity': '1', 'referral_source': 'email', 'region_id': 'US-TX', 'unit_price': '59.99', '_kafka_key': 'US-TX', '_kafka_partition': 0, '_kafka_offset': 20}
2026-06-12 15:31:00 | INFO | C05 | subtotal=59.99
2026-06-12 15:31:00 | INFO | C05 | tax=4.95
2026-06-12 15:31:00 | INFO | C05 | total=64.94
2026-06-12 15:31:00 | INFO | C05 | running_total=1790.76
2026-06-12 15:31:00 | INFO | C05 | Wrote valid record to DuckDB:
2026-06-12 15:31:00 | INFO | C05 |   order=d6710a67-a351-4185-8d11-3b4e71407f5b
2026-06-12 15:31:00 | INFO | C05 | MESSAGE ACCEPTED
2026-06-12 15:31:00 | INFO | C05 | order=d6710a67-a351-4185-8d11-3b4e71407f5b
2026-06-12 15:31:00 | INFO | C05 | total=$64.94
2026-06-12 15:31:00 | INFO | C05 | consumed=21
2026-06-12 15:31:00 | INFO | C05 | RUNNING STATS
2026-06-12 15:31:00 | INFO | C05 | total_sales=$1,790.76
2026-06-12 15:31:00 | INFO | C05 | average=$85.27
2026-06-12 15:31:00 | INFO | C05 | min=$32.39
2026-06-12 15:31:00 | INFO | C05 | max=$323.95
2026-06-12 15:31:00 | INFO | C05 | {'currency_code': 'USD', 'customer_id': 'CUST-8973', 'customer_note': 'Expected more content', 'datetime': '2026-05-04T11:15:00Z', 'device_type': 'desktop', 'discount_code': '', 'is_new_customer': 'false', 'is_online': 'false', 'order_id': 'cbe8f6e2-a71e-4d62-9004-4dbbf6eb5cfe', 'payment_method': 'credit_card', 'product_id': 'PY-INTRO-001', 'quantity': '5', 'referral_source': 'email', 'region_id': 'US-MO', 'unit_price': '29.99', '_kafka_key': 'US-MO', '_kafka_partition': 0, '_kafka_offset': 21}
2026-06-12 15:31:00 | INFO | C05 | subtotal=149.95
2026-06-12 15:31:00 | INFO | C05 | tax=12.0
2026-06-12 15:31:00 | INFO | C05 | total=161.95
2026-06-12 15:31:00 | INFO | C05 | running_total=1952.71
2026-06-12 15:31:00 | INFO | C05 | Wrote valid record to DuckDB:
2026-06-12 15:31:00 | INFO | C05 |   order=cbe8f6e2-a71e-4d62-9004-4dbbf6eb5cfe
2026-06-12 15:31:00 | INFO | C05 | MESSAGE ACCEPTED
2026-06-12 15:31:00 | INFO | C05 | order=cbe8f6e2-a71e-4d62-9004-4dbbf6eb5cfe
2026-06-12 15:31:00 | INFO | C05 | total=$161.95
2026-06-12 15:31:00 | INFO | C05 | consumed=22
2026-06-12 15:31:00 | INFO | C05 | RUNNING STATS
2026-06-12 15:31:00 | INFO | C05 | total_sales=$1,952.71
2026-06-12 15:31:00 | INFO | C05 | average=$88.76
2026-06-12 15:31:00 | INFO | C05 | min=$32.39
2026-06-12 15:31:00 | INFO | C05 | max=$323.95
2026-06-12 15:31:00 | INFO | C05 | {'currency_code': 'CAD', 'customer_id': 'CUST-1158', 'customer_note': 'Love the examples', 'datetime': '2026-05-04T11:23:00Z', 'device_type': 'mobile', 'discount_code': '', 'is_new_customer': 'false', 'is_online': 'true', 'order_id': '09bc34b3-c566-400b-bc7b-c114a4a63983', 'payment_method': 'credit_card', 'product_id': 'PY-SQL-004', 'quantity': '1', 'referral_source': 'organic', 'region_id': 'CA-ON', 'unit_price': '44.99', '_kafka_key': 'CA-ON', '_kafka_partition': 0, '_kafka_offset': 22}
2026-06-12 15:31:00 | INFO | C05 | subtotal=44.99
2026-06-12 15:31:00 | INFO | C05 | tax=5.85
2026-06-12 15:31:00 | INFO | C05 | total=50.84
2026-06-12 15:31:00 | INFO | C05 | running_total=2003.55
2026-06-12 15:31:00 | INFO | C05 | Wrote valid record to DuckDB:
2026-06-12 15:31:00 | INFO | C05 |   order=09bc34b3-c566-400b-bc7b-c114a4a63983
2026-06-12 15:31:00 | INFO | C05 | MESSAGE ACCEPTED
2026-06-12 15:31:00 | INFO | C05 | order=09bc34b3-c566-400b-bc7b-c114a4a63983
2026-06-12 15:31:00 | INFO | C05 | total=$50.84
2026-06-12 15:31:00 | INFO | C05 | consumed=23
2026-06-12 15:31:00 | INFO | C05 | RUNNING STATS
2026-06-12 15:31:00 | INFO | C05 | total_sales=$2,003.55
2026-06-12 15:31:00 | INFO | C05 | average=$87.11
2026-06-12 15:31:00 | INFO | C05 | min=$32.39
2026-06-12 15:31:00 | INFO | C05 | max=$323.95
2026-06-12 15:31:00 | INFO | C05 | {'currency_code': 'USD', 'customer_id': 'CUST-1832', 'customer_note': '', 'datetime': '2026-05-04T11:27:00Z', 'device_type': 'mobile', 'discount_code': '', 'is_new_customer': 'false', 'is_online': 'true', 'order_id': '891a7917-4541-457a-b0d5-45a3cd33a260', 'payment_method': 'apple_pay', 'product_id': 'PY-STREAM-005', 'quantity': '1', 'referral_source': 'organic', 'region_id': 'US-MO', 'unit_price': '59.99', '_kafka_key': 'US-MO', '_kafka_partition': 0, '_kafka_offset': 23}
2026-06-12 15:31:00 | INFO | C05 | subtotal=59.99
2026-06-12 15:31:00 | INFO | C05 | tax=4.8
2026-06-12 15:31:00 | INFO | C05 | total=64.79
2026-06-12 15:31:00 | INFO | C05 | running_total=2068.34
2026-06-12 15:31:00 | INFO | C05 | Wrote valid record to DuckDB:
2026-06-12 15:31:00 | INFO | C05 |   order=891a7917-4541-457a-b0d5-45a3cd33a260
2026-06-12 15:31:00 | INFO | C05 | MESSAGE ACCEPTED
2026-06-12 15:31:00 | INFO | C05 | order=891a7917-4541-457a-b0d5-45a3cd33a260
2026-06-12 15:31:00 | INFO | C05 | total=$64.79
2026-06-12 15:31:00 | INFO | C05 | consumed=24
2026-06-12 15:31:00 | INFO | C05 | RUNNING STATS
2026-06-12 15:31:00 | INFO | C05 | total_sales=$2,068.34
2026-06-12 15:31:00 | INFO | C05 | average=$86.18
2026-06-12 15:31:00 | INFO | C05 | min=$32.39
2026-06-12 15:31:00 | INFO | C05 | max=$323.95
2026-06-12 15:31:00 | INFO | C05 | {'currency_code': 'CAD', 'customer_id': 'CUST-6974', 'customer_note': 'For my study group', 'datetime': '2026-05-04T11:28:00Z', 'device_type': 'tablet', 'discount_code': '', 'is_new_customer': 'false', 'is_online': 'true', 'order_id': '5c877bff-f1b6-467b-abc4-23b946a24014', 'payment_method': 'paypal', 'product_id': 'PY-INTRO-001', 'quantity': '1', 'referral_source': 'email', 'region_id': 'CA-QC', 'unit_price': '29.99', '_kafka_key': 'CA-QC', '_kafka_partition': 0, '_kafka_offset': 24}
2026-06-12 15:31:00 | INFO | C05 | subtotal=29.99
2026-06-12 15:31:00 | INFO | C05 | tax=4.49
2026-06-12 15:31:00 | INFO | C05 | total=34.48
2026-06-12 15:31:00 | INFO | C05 | running_total=2102.82
2026-06-12 15:31:00 | INFO | C05 | Wrote valid record to DuckDB:
2026-06-12 15:31:00 | INFO | C05 |   order=5c877bff-f1b6-467b-abc4-23b946a24014
2026-06-12 15:31:00 | INFO | C05 | MESSAGE ACCEPTED
2026-06-12 15:31:00 | INFO | C05 | order=5c877bff-f1b6-467b-abc4-23b946a24014
2026-06-12 15:31:00 | INFO | C05 | total=$34.48
2026-06-12 15:31:00 | INFO | C05 | consumed=25
2026-06-12 15:31:00 | INFO | C05 | RUNNING STATS
2026-06-12 15:31:00 | INFO | C05 | total_sales=$2,102.82
2026-06-12 15:31:00 | INFO | C05 | average=$84.11
2026-06-12 15:31:00 | INFO | C05 | min=$32.39
2026-06-12 15:31:00 | INFO | C05 | max=$323.95
2026-06-12 15:31:00 | INFO | C05 | {'currency_code': 'USD', 'customer_id': 'CUST-9701', 'customer_note': 'Good but could go deeper', 'datetime': '2026-05-04T11:39:00Z', 'device_type': 'mobile', 'discount_code': '', 'is_new_customer': 'false', 'is_online': 'true', 'order_id': 'a62c8c45-e0a4-4697-8ca7-b173c7f4487e', 'payment_method': 'credit_card', 'product_id': 'PY-INTRO-001', 'quantity': '1', 'referral_source': 'organic', 'region_id': 'US-MO', 'unit_price': '29.99', '_kafka_key': 'US-MO', '_kafka_partition': 0, '_kafka_offset': 25}
2026-06-12 15:31:00 | INFO | C05 | subtotal=29.99
2026-06-12 15:31:00 | INFO | C05 | tax=2.4
2026-06-12 15:31:00 | INFO | C05 | total=32.39
2026-06-12 15:31:00 | INFO | C05 | running_total=2135.21
2026-06-12 15:31:00 | INFO | C05 | Wrote valid record to DuckDB:
2026-06-12 15:31:00 | INFO | C05 |   order=a62c8c45-e0a4-4697-8ca7-b173c7f4487e
2026-06-12 15:31:00 | INFO | C05 | MESSAGE ACCEPTED
2026-06-12 15:31:00 | INFO | C05 | order=a62c8c45-e0a4-4697-8ca7-b173c7f4487e
2026-06-12 15:31:00 | INFO | C05 | total=$32.39
2026-06-12 15:31:00 | INFO | C05 | consumed=26
2026-06-12 15:31:00 | INFO | C05 | RUNNING STATS
2026-06-12 15:31:00 | INFO | C05 | total_sales=$2,135.21
2026-06-12 15:31:00 | INFO | C05 | average=$82.12
2026-06-12 15:31:00 | INFO | C05 | min=$32.39
2026-06-12 15:31:00 | INFO | C05 | max=$323.95
2026-06-12 15:31:00 | INFO | C05 | {'currency_code': 'USD', 'customer_id': 'CUST-5033', 'customer_note': 'For my study group', 'datetime': '2026-05-04T11:40:00Z', 'device_type': 'tablet', 'discount_code': '', 'is_new_customer': 'true', 'is_online': 'true', 'order_id': '3ae2798c-087b-473c-b120-d2c9d0f7289b', 'payment_method': 'credit_card', 'product_id': 'PY-INTRO-001', 'quantity': '1', 'referral_source': 'organic', 'region_id': 'US-TX', 'unit_price': '29.99', '_kafka_key': 'US-TX', '_kafka_partition': 0, '_kafka_offset': 26}
2026-06-12 15:31:00 | INFO | C05 | subtotal=29.99
2026-06-12 15:31:00 | INFO | C05 | tax=2.47
2026-06-12 15:31:00 | INFO | C05 | total=32.46
2026-06-12 15:31:00 | INFO | C05 | running_total=2167.67
2026-06-12 15:31:00 | INFO | C05 | Wrote valid record to DuckDB:
2026-06-12 15:31:00 | INFO | C05 |   order=3ae2798c-087b-473c-b120-d2c9d0f7289b
2026-06-12 15:31:00 | INFO | C05 | MESSAGE ACCEPTED
2026-06-12 15:31:00 | INFO | C05 | order=3ae2798c-087b-473c-b120-d2c9d0f7289b
2026-06-12 15:31:00 | INFO | C05 | total=$32.46
2026-06-12 15:31:00 | INFO | C05 | consumed=27
2026-06-12 15:31:00 | INFO | C05 | RUNNING STATS
2026-06-12 15:31:00 | INFO | C05 | total_sales=$2,167.67
2026-06-12 15:31:00 | INFO | C05 | average=$80.28
2026-06-12 15:31:00 | INFO | C05 | min=$32.39
2026-06-12 15:31:00 | INFO | C05 | max=$323.95
2026-06-12 15:31:00 | INFO | C05 | {'currency_code': 'CAD', 'customer_id': 'CUST-5065', 'customer_note': 'Good but could go deeper', 'datetime': '2026-05-04T11:41:00Z', 'device_type': 'tablet', 'discount_code': '', 'is_new_customer': 'true', 'is_online': 'true', 'order_id': 'fbf2b25f-c658-4716-88e7-e5574bb71a39', 'payment_method': 'paypal', 'product_id': 'PY-NLP-006', 'quantity': '1', 'referral_source': 'email', 'region_id': 'CA-ON', 'unit_price': '54.99', '_kafka_key': 'CA-ON', '_kafka_partition': 0, '_kafka_offset': 27}
2026-06-12 15:31:00 | INFO | C05 | subtotal=54.99
2026-06-12 15:31:00 | INFO | C05 | tax=7.15
2026-06-12 15:31:00 | INFO | C05 | total=62.14
2026-06-12 15:31:00 | INFO | C05 | running_total=2229.81
2026-06-12 15:31:00 | INFO | C05 | Wrote valid record to DuckDB:
2026-06-12 15:31:00 | INFO | C05 |   order=fbf2b25f-c658-4716-88e7-e5574bb71a39
2026-06-12 15:31:00 | INFO | C05 | MESSAGE ACCEPTED
2026-06-12 15:31:00 | INFO | C05 | order=fbf2b25f-c658-4716-88e7-e5574bb71a39
2026-06-12 15:31:00 | INFO | C05 | total=$62.14
2026-06-12 15:31:00 | INFO | C05 | consumed=28
2026-06-12 15:31:00 | INFO | C05 | RUNNING STATS
2026-06-12 15:31:00 | INFO | C05 | total_sales=$2,229.81
2026-06-12 15:31:00 | INFO | C05 | average=$79.64
2026-06-12 15:31:00 | INFO | C05 | min=$32.39
2026-06-12 15:31:00 | INFO | C05 | max=$323.95
2026-06-12 15:31:00 | INFO | C05 | {'currency_code': 'USD', 'customer_id': 'CUST-3414', 'customer_note': '', 'datetime': '2026-05-04T11:43:00Z', 'device_type': 'desktop', 'discount_code': '', 'is_new_customer': 'false', 'is_online': 'true', 'order_id': '9eb81520-7ef0-4b18-b6d8-a6083cd5ca58', 'payment_method': 'credit_card', 'product_id': 'PY-STREAM-005', 'quantity': '1', 'referral_source': 'organic', 'region_id': 'US-CA', 'unit_price': '59.99', '_kafka_key': 'US-CA', '_kafka_partition': 0, '_kafka_offset': 28}
2026-06-12 15:31:00 | INFO | C05 | subtotal=59.99
2026-06-12 15:31:00 | INFO | C05 | tax=5.7
2026-06-12 15:31:00 | INFO | C05 | total=65.69
2026-06-12 15:31:00 | INFO | C05 | running_total=2295.50
2026-06-12 15:31:00 | INFO | C05 | Wrote valid record to DuckDB:
2026-06-12 15:31:00 | INFO | C05 |   order=9eb81520-7ef0-4b18-b6d8-a6083cd5ca58
2026-06-12 15:31:00 | INFO | C05 | MESSAGE ACCEPTED
2026-06-12 15:31:00 | INFO | C05 | order=9eb81520-7ef0-4b18-b6d8-a6083cd5ca58
2026-06-12 15:31:00 | INFO | C05 | total=$65.69
2026-06-12 15:31:00 | INFO | C05 | consumed=29
2026-06-12 15:31:00 | INFO | C05 | RUNNING STATS
2026-06-12 15:31:00 | INFO | C05 | total_sales=$2,295.50
2026-06-12 15:31:00 | INFO | C05 | average=$79.16
2026-06-12 15:31:00 | INFO | C05 | min=$32.39
2026-06-12 15:31:00 | INFO | C05 | max=$323.95
2026-06-12 15:31:00 | INFO | C05 | {'currency_code': 'USD', 'customer_id': 'CUST-9785', 'customer_note': 'Love the examples', 'datetime': '2026-05-04T11:57:00Z', 'device_type': 'mobile', 'discount_code': '', 'is_new_customer': 'false', 'is_online': 'true', 'order_id': '2eb467ee-85d9-4ac5-b9d8-376bbba7770b', 'payment_method': 'paypal', 'product_id': 'PY-INTRO-001', 'quantity': '1', 'referral_source': 'social', 'region_id': 'US-MO', 'unit_price': '29.99', '_kafka_key': 'US-MO', '_kafka_partition': 0, '_kafka_offset': 29}
2026-06-12 15:31:00 | INFO | C05 | subtotal=29.99
2026-06-12 15:31:00 | INFO | C05 | tax=2.4
2026-06-12 15:31:00 | INFO | C05 | total=32.39
2026-06-12 15:31:00 | INFO | C05 | running_total=2327.89
2026-06-12 15:31:01 | INFO | C05 | Wrote valid record to DuckDB:
2026-06-12 15:31:01 | INFO | C05 |   order=2eb467ee-85d9-4ac5-b9d8-376bbba7770b
2026-06-12 15:31:01 | INFO | C05 | MESSAGE ACCEPTED
2026-06-12 15:31:01 | INFO | C05 | order=2eb467ee-85d9-4ac5-b9d8-376bbba7770b
2026-06-12 15:31:01 | INFO | C05 | total=$32.39
2026-06-12 15:31:01 | INFO | C05 | consumed=30
2026-06-12 15:31:01 | INFO | C05 | RUNNING STATS
2026-06-12 15:31:01 | INFO | C05 | total_sales=$2,327.89
2026-06-12 15:31:01 | INFO | C05 | average=$77.60
2026-06-12 15:31:01 | INFO | C05 | min=$32.39
2026-06-12 15:31:01 | INFO | C05 | max=$323.95
2026-06-12 15:31:01 | INFO | C05 | {'currency_code': 'USD', 'customer_id': 'CUST-2604', 'customer_note': 'For my study group', 'datetime': '2026-05-04T12:03:00Z', 'device_type': 'mobile', 'discount_code': '', 'is_new_customer': 'false', 'is_online': 'true', 'order_id': 'b7c4cb3b-3a5d-434c-b737-20be9efb1c72', 'payment_method': 'apple_pay', 'product_id': 'PY-INTRO-001', 'quantity': '1', 'referral_source': 'paid_search', 'region_id': 'US-TX', 'unit_price': '29.99', '_kafka_key': 'US-TX', '_kafka_partition': 0, '_kafka_offset': 30}
2026-06-12 15:31:01 | INFO | C05 | subtotal=29.99
2026-06-12 15:31:01 | INFO | C05 | tax=2.47
2026-06-12 15:31:01 | INFO | C05 | total=32.46
2026-06-12 15:31:01 | INFO | C05 | running_total=2360.35
2026-06-12 15:31:01 | INFO | C05 | Wrote valid record to DuckDB:
2026-06-12 15:31:01 | INFO | C05 |   order=b7c4cb3b-3a5d-434c-b737-20be9efb1c72
2026-06-12 15:31:01 | INFO | C05 | MESSAGE ACCEPTED
2026-06-12 15:31:01 | INFO | C05 | order=b7c4cb3b-3a5d-434c-b737-20be9efb1c72
2026-06-12 15:31:01 | INFO | C05 | total=$32.46
2026-06-12 15:31:01 | INFO | C05 | consumed=31
2026-06-12 15:31:01 | INFO | C05 | RUNNING STATS
2026-06-12 15:31:01 | INFO | C05 | total_sales=$2,360.35
2026-06-12 15:31:01 | INFO | C05 | average=$76.14
2026-06-12 15:31:01 | INFO | C05 | min=$32.39
2026-06-12 15:31:01 | INFO | C05 | max=$323.95
2026-06-12 15:31:01 | INFO | C05 | {'currency_code': 'CAD', 'customer_id': 'CUST-4728', 'customer_note': 'Already applying this at work', 'datetime': '2026-05-04T12:08:00Z', 'device_type': 'desktop', 'discount_code': '', 'is_new_customer': 'true', 'is_online': 'true', 'order_id': 'ea5b5880-1df0-4918-8134-bc18553bedaa', 'payment_method': 'paypal', 'product_id': 'PY-INTRO-001', 'quantity': '1', 'referral_source': 'paid_search', 'region_id': 'CA-ON', 'unit_price': '29.99', '_kafka_key': 'CA-ON', '_kafka_partition': 0, '_kafka_offset': 31}
2026-06-12 15:31:01 | INFO | C05 | subtotal=29.99
2026-06-12 15:31:01 | INFO | C05 | tax=3.9
2026-06-12 15:31:01 | INFO | C05 | total=33.89
2026-06-12 15:31:01 | INFO | C05 | running_total=2394.24
2026-06-12 15:31:01 | INFO | C05 | Wrote valid record to DuckDB:
2026-06-12 15:31:01 | INFO | C05 |   order=ea5b5880-1df0-4918-8134-bc18553bedaa
2026-06-12 15:31:01 | INFO | C05 | MESSAGE ACCEPTED
2026-06-12 15:31:01 | INFO | C05 | order=ea5b5880-1df0-4918-8134-bc18553bedaa
2026-06-12 15:31:01 | INFO | C05 | total=$33.89
2026-06-12 15:31:01 | INFO | C05 | consumed=32
2026-06-12 15:31:01 | INFO | C05 | RUNNING STATS
2026-06-12 15:31:01 | INFO | C05 | total_sales=$2,394.24
2026-06-12 15:31:01 | INFO | C05 | average=$74.82
2026-06-12 15:31:01 | INFO | C05 | min=$32.39
2026-06-12 15:31:01 | INFO | C05 | max=$323.95
2026-06-12 15:31:01 | INFO | C05 | {'currency_code': 'USD', 'customer_id': 'CUST-7653', 'customer_note': '', 'datetime': '2026-05-04T12:23:00Z', 'device_type': 'mobile', 'discount_code': '', 'is_new_customer': 'false', 'is_online': 'true', 'order_id': 'd71f2498-1b58-4d6c-8613-e03125f655be', 'payment_method': 'apple_pay', 'product_id': 'PY-VIZ-003', 'quantity': '1', 'referral_source': 'social', 'region_id': 'US-CA', 'unit_price': '39.99', '_kafka_key': 'US-CA', '_kafka_partition': 0, '_kafka_offset': 32}
2026-06-12 15:31:01 | INFO | C05 | subtotal=39.99
2026-06-12 15:31:01 | INFO | C05 | tax=3.8
2026-06-12 15:31:01 | INFO | C05 | total=43.79
2026-06-12 15:31:01 | INFO | C05 | running_total=2438.03
2026-06-12 15:31:01 | INFO | C05 | Wrote valid record to DuckDB:
2026-06-12 15:31:01 | INFO | C05 |   order=d71f2498-1b58-4d6c-8613-e03125f655be
2026-06-12 15:31:01 | INFO | C05 | MESSAGE ACCEPTED
2026-06-12 15:31:01 | INFO | C05 | order=d71f2498-1b58-4d6c-8613-e03125f655be
2026-06-12 15:31:01 | INFO | C05 | total=$43.79
2026-06-12 15:31:01 | INFO | C05 | consumed=33
2026-06-12 15:31:01 | INFO | C05 | RUNNING STATS
2026-06-12 15:31:01 | INFO | C05 | total_sales=$2,438.03
2026-06-12 15:31:01 | INFO | C05 | average=$73.88
2026-06-12 15:31:01 | INFO | C05 | min=$32.39
2026-06-12 15:31:01 | INFO | C05 | max=$323.95
2026-06-12 15:31:01 | INFO | C05 | {'currency_code': 'USD', 'customer_id': 'CUST-6139', 'customer_note': 'Love the examples', 'datetime': '2026-05-04T12:24:00Z', 'device_type': 'tablet', 'discount_code': '', 'is_new_customer': 'false', 'is_online': 'true', 'order_id': '6cf3770d-340a-4b36-a1ff-c0e73ceaaf0e', 'payment_method': 'credit_card', 'product_id': 'PY-NLP-006', 'quantity': '1', 'referral_source': 'social', 'region_id': 'US-MO', 'unit_price': '54.99', '_kafka_key': 'US-MO', '_kafka_partition': 0, '_kafka_offset': 33}
2026-06-12 15:31:01 | INFO | C05 | subtotal=54.99
2026-06-12 15:31:01 | INFO | C05 | tax=4.4
2026-06-12 15:31:01 | INFO | C05 | total=59.39
2026-06-12 15:31:01 | INFO | C05 | running_total=2497.42
2026-06-12 15:31:01 | INFO | C05 | Wrote valid record to DuckDB:
2026-06-12 15:31:01 | INFO | C05 |   order=6cf3770d-340a-4b36-a1ff-c0e73ceaaf0e
2026-06-12 15:31:01 | INFO | C05 | MESSAGE ACCEPTED
2026-06-12 15:31:01 | INFO | C05 | order=6cf3770d-340a-4b36-a1ff-c0e73ceaaf0e
2026-06-12 15:31:01 | INFO | C05 | total=$59.39
2026-06-12 15:31:01 | INFO | C05 | consumed=34
2026-06-12 15:31:01 | INFO | C05 | RUNNING STATS
2026-06-12 15:31:01 | INFO | C05 | total_sales=$2,497.42
2026-06-12 15:31:01 | INFO | C05 | average=$73.45
2026-06-12 15:31:01 | INFO | C05 | min=$32.39
2026-06-12 15:31:01 | INFO | C05 | max=$323.95
2026-06-12 15:31:01 | INFO | C05 | {'currency_code': 'USD', 'customer_id': 'CUST-2790', 'customer_note': 'Very helpful', 'datetime': '2026-05-04T12:30:00Z', 'device_type': 'desktop', 'discount_code': '', 'is_new_customer': 'false', 'is_online': 'true', 'order_id': '5e687b11-93d6-4999-94eb-835827055b4a', 'payment_method': 'credit_card', 'product_id': 'PY-VIZ-003', 'quantity': '2', 'referral_source': 'social', 'region_id': 'US-CA', 'unit_price': '39.99', '_kafka_key': 'US-CA', '_kafka_partition': 0, '_kafka_offset': 34}
2026-06-12 15:31:01 | INFO | C05 | subtotal=79.98
2026-06-12 15:31:01 | INFO | C05 | tax=7.6
2026-06-12 15:31:01 | INFO | C05 | total=87.58
2026-06-12 15:31:01 | INFO | C05 | running_total=2585.00
2026-06-12 15:31:01 | INFO | C05 | Wrote valid record to DuckDB:
2026-06-12 15:31:01 | INFO | C05 |   order=5e687b11-93d6-4999-94eb-835827055b4a
2026-06-12 15:31:01 | INFO | C05 | MESSAGE ACCEPTED
2026-06-12 15:31:01 | INFO | C05 | order=5e687b11-93d6-4999-94eb-835827055b4a
2026-06-12 15:31:01 | INFO | C05 | total=$87.58
2026-06-12 15:31:01 | INFO | C05 | consumed=35
2026-06-12 15:31:01 | INFO | C05 | RUNNING STATS
2026-06-12 15:31:01 | INFO | C05 | total_sales=$2,585.00
2026-06-12 15:31:01 | INFO | C05 | average=$73.86
2026-06-12 15:31:01 | INFO | C05 | min=$32.39
2026-06-12 15:31:01 | INFO | C05 | max=$323.95
2026-06-12 15:31:01 | INFO | C05 | {'currency_code': 'MXN', 'customer_id': 'CUST-7691', 'customer_note': 'Very helpful', 'datetime': '2026-05-04T12:33:00Z', 'device_type': 'tablet', 'discount_code': '', 'is_new_customer': 'false', 'is_online': 'true', 'order_id': 'd611de65-6c4f-4d98-be66-c2024e9b784d', 'payment_method': 'paypal', 'product_id': 'PY-VIZ-003', 'quantity': '1', 'referral_source': 'paid_search', 'region_id': 'MX-CMX', 'unit_price': '39.99', '_kafka_key': 'MX-CMX', '_kafka_partition': 0, '_kafka_offset': 35}
2026-06-12 15:31:01 | INFO | C05 | subtotal=39.99
2026-06-12 15:31:01 | INFO | C05 | tax=6.4
2026-06-12 15:31:01 | INFO | C05 | total=46.39
2026-06-12 15:31:01 | INFO | C05 | running_total=2631.39
2026-06-12 15:31:01 | INFO | C05 | Wrote valid record to DuckDB:
2026-06-12 15:31:01 | INFO | C05 |   order=d611de65-6c4f-4d98-be66-c2024e9b784d
2026-06-12 15:31:01 | INFO | C05 | MESSAGE ACCEPTED
2026-06-12 15:31:01 | INFO | C05 | order=d611de65-6c4f-4d98-be66-c2024e9b784d
2026-06-12 15:31:01 | INFO | C05 | total=$46.39
2026-06-12 15:31:01 | INFO | C05 | consumed=36
2026-06-12 15:31:01 | INFO | C05 | RUNNING STATS
2026-06-12 15:31:01 | INFO | C05 | total_sales=$2,631.39
2026-06-12 15:31:01 | INFO | C05 | average=$73.09
2026-06-12 15:31:01 | INFO | C05 | min=$32.39
2026-06-12 15:31:01 | INFO | C05 | max=$323.95
2026-06-12 15:31:01 | INFO | C05 | {'currency_code': 'USD', 'customer_id': 'CUST-2200', 'customer_note': 'Great course!', 'datetime': '2026-05-04T12:41:00Z', 'device_type': 'desktop', 'discount_code': '', 'is_new_customer': 'false', 'is_online': 'false', 'order_id': 'ee5d541b-b139-427b-bbb6-cca7c33f4552', 'payment_method': 'credit_card', 'product_id': 'PY-INTRO-001', 'quantity': '5', 'referral_source': 'social', 'region_id': 'US-TX', 'unit_price': '29.99', '_kafka_key': 'US-TX', '_kafka_partition': 0, '_kafka_offset': 36}
2026-06-12 15:31:01 | INFO | C05 | subtotal=149.95
2026-06-12 15:31:01 | INFO | C05 | tax=12.37
2026-06-12 15:31:01 | INFO | C05 | total=162.32
2026-06-12 15:31:01 | INFO | C05 | running_total=2793.71
2026-06-12 15:31:01 | INFO | C05 | Wrote valid record to DuckDB:
2026-06-12 15:31:01 | INFO | C05 |   order=ee5d541b-b139-427b-bbb6-cca7c33f4552
2026-06-12 15:31:01 | INFO | C05 | MESSAGE ACCEPTED
2026-06-12 15:31:01 | INFO | C05 | order=ee5d541b-b139-427b-bbb6-cca7c33f4552
2026-06-12 15:31:01 | INFO | C05 | total=$162.32
2026-06-12 15:31:01 | INFO | C05 | consumed=37
2026-06-12 15:31:01 | INFO | C05 | RUNNING STATS
2026-06-12 15:31:01 | INFO | C05 | total_sales=$2,793.71
2026-06-12 15:31:01 | INFO | C05 | average=$75.51
2026-06-12 15:31:01 | INFO | C05 | min=$32.39
2026-06-12 15:31:01 | INFO | C05 | max=$323.95
2026-06-12 15:31:01 | INFO | C05 | {'currency_code': 'USD', 'customer_id': 'CUST-9486', 'customer_note': 'Very helpful', 'datetime': '2026-05-04T12:42:00Z', 'device_type': 'mobile', 'discount_code': '', 'is_new_customer': 'false', 'is_online': 'true', 'order_id': '13c46aba-5aeb-496f-b169-39b2cb940b18', 'payment_method': 'apple_pay', 'product_id': 'PY-DATA-002', 'quantity': '1', 'referral_source': 'email', 'region_id': 'US-TX', 'unit_price': '49.99', '_kafka_key': 'US-TX', '_kafka_partition': 0, '_kafka_offset': 37}
2026-06-12 15:31:01 | INFO | C05 | subtotal=49.99
2026-06-12 15:31:01 | INFO | C05 | tax=4.12
2026-06-12 15:31:01 | INFO | C05 | total=54.11
2026-06-12 15:31:01 | INFO | C05 | running_total=2847.82
2026-06-12 15:31:01 | INFO | C05 | Wrote valid record to DuckDB:
2026-06-12 15:31:01 | INFO | C05 |   order=13c46aba-5aeb-496f-b169-39b2cb940b18
2026-06-12 15:31:01 | INFO | C05 | MESSAGE ACCEPTED
2026-06-12 15:31:01 | INFO | C05 | order=13c46aba-5aeb-496f-b169-39b2cb940b18
2026-06-12 15:31:01 | INFO | C05 | total=$54.11
2026-06-12 15:31:01 | INFO | C05 | consumed=38
2026-06-12 15:31:01 | INFO | C05 | RUNNING STATS
2026-06-12 15:31:01 | INFO | C05 | total_sales=$2,847.82
2026-06-12 15:31:01 | INFO | C05 | average=$74.94
2026-06-12 15:31:01 | INFO | C05 | min=$32.39
2026-06-12 15:31:01 | INFO | C05 | max=$323.95
2026-06-12 15:31:01 | INFO | C05 | {'currency_code': 'USD', 'customer_id': 'CUST-4228', 'customer_note': '', 'datetime': '2026-05-04T12:51:00Z', 'device_type': 'desktop', 'discount_code': '', 'is_new_customer': 'false', 'is_online': 'true', 'order_id': 'a1ecdada-a22f-43fe-a98b-275327c2b035', 'payment_method': 'credit_card', 'product_id': 'PY-SQL-004', 'quantity': '1', 'referral_source': 'organic', 'region_id': 'US-TX', 'unit_price': '44.99', '_kafka_key': 'US-TX', '_kafka_partition': 0, '_kafka_offset': 38}
2026-06-12 15:31:01 | INFO | C05 | subtotal=44.99
2026-06-12 15:31:01 | INFO | C05 | tax=3.71
2026-06-12 15:31:01 | INFO | C05 | total=48.7
2026-06-12 15:31:01 | INFO | C05 | running_total=2896.52
2026-06-12 15:31:01 | INFO | C05 | Wrote valid record to DuckDB:
2026-06-12 15:31:01 | INFO | C05 |   order=a1ecdada-a22f-43fe-a98b-275327c2b035
2026-06-12 15:31:01 | INFO | C05 | MESSAGE ACCEPTED
2026-06-12 15:31:01 | INFO | C05 | order=a1ecdada-a22f-43fe-a98b-275327c2b035
2026-06-12 15:31:01 | INFO | C05 | total=$48.70
2026-06-12 15:31:01 | INFO | C05 | consumed=39
2026-06-12 15:31:01 | INFO | C05 | RUNNING STATS
2026-06-12 15:31:01 | INFO | C05 | total_sales=$2,896.52
2026-06-12 15:31:01 | INFO | C05 | average=$74.27
2026-06-12 15:31:01 | INFO | C05 | min=$32.39
2026-06-12 15:31:01 | INFO | C05 | max=$323.95
2026-06-12 15:31:01 | INFO | C05 | {'currency_code': 'USD', 'customer_id': 'CUST-8251', 'customer_note': '', 'datetime': '2026-05-04T12:58:00Z', 'device_type': 'desktop', 'discount_code': '', 'is_new_customer': 'false', 'is_online': 'true', 'order_id': 'be4612b4-429e-4573-8a1a-1b2b7cbcc28e', 'payment_method': 'credit_card', 'product_id': 'PY-INTRO-001', 'quantity': '1', 'referral_source': 'email', 'region_id': 'US-MO', 'unit_price': '29.99', '_kafka_key': 'US-MO', '_kafka_partition': 0, '_kafka_offset': 39}
2026-06-12 15:31:01 | INFO | C05 | subtotal=29.99
2026-06-12 15:31:01 | INFO | C05 | tax=2.4
2026-06-12 15:31:01 | INFO | C05 | total=32.39
2026-06-12 15:31:01 | INFO | C05 | running_total=2928.91
2026-06-12 15:31:02 | INFO | C05 | Wrote valid record to DuckDB:
2026-06-12 15:31:02 | INFO | C05 |   order=be4612b4-429e-4573-8a1a-1b2b7cbcc28e
2026-06-12 15:31:02 | INFO | C05 | MESSAGE ACCEPTED
2026-06-12 15:31:02 | INFO | C05 | order=be4612b4-429e-4573-8a1a-1b2b7cbcc28e
2026-06-12 15:31:02 | INFO | C05 | total=$32.39
2026-06-12 15:31:02 | INFO | C05 | consumed=40
2026-06-12 15:31:02 | INFO | C05 | RUNNING STATS
2026-06-12 15:31:02 | INFO | C05 | total_sales=$2,928.91
2026-06-12 15:31:02 | INFO | C05 | average=$73.22
2026-06-12 15:31:02 | INFO | C05 | min=$32.39
2026-06-12 15:31:02 | INFO | C05 | max=$323.95
2026-06-12 15:31:02 | INFO | C05 | {'currency_code': 'USD', 'customer_id': 'CUST-5956', 'customer_note': 'Slower than I expected', 'datetime': '2026-05-04T13:17:00Z', 'device_type': 'tablet', 'discount_code': '', 'is_new_customer': 'false', 'is_online': 'true', 'order_id': '4f68b52f-5f79-48aa-8984-dfffe3c6f167', 'payment_method': 'credit_card', 'product_id': 'PY-INTRO-001', 'quantity': '1', 'referral_source': 'email', 'region_id': 'US-CA', 'unit_price': '29.99', '_kafka_key': 'US-CA', '_kafka_partition': 0, '_kafka_offset': 40}
2026-06-12 15:31:02 | INFO | C05 | subtotal=29.99
2026-06-12 15:31:02 | INFO | C05 | tax=2.85
2026-06-12 15:31:02 | INFO | C05 | total=32.84
2026-06-12 15:31:02 | INFO | C05 | running_total=2961.75
2026-06-12 15:31:02 | INFO | C05 | Wrote valid record to DuckDB:
2026-06-12 15:31:02 | INFO | C05 |   order=4f68b52f-5f79-48aa-8984-dfffe3c6f167
2026-06-12 15:31:02 | INFO | C05 | MESSAGE ACCEPTED
2026-06-12 15:31:02 | INFO | C05 | order=4f68b52f-5f79-48aa-8984-dfffe3c6f167
2026-06-12 15:31:02 | INFO | C05 | total=$32.84
2026-06-12 15:31:02 | INFO | C05 | consumed=41
2026-06-12 15:31:02 | INFO | C05 | RUNNING STATS
2026-06-12 15:31:02 | INFO | C05 | total_sales=$2,961.75
2026-06-12 15:31:02 | INFO | C05 | average=$72.24
2026-06-12 15:31:02 | INFO | C05 | min=$32.39
2026-06-12 15:31:02 | INFO | C05 | max=$323.95
2026-06-12 15:31:02 | INFO | C05 | {'currency_code': 'USD', 'customer_id': 'CUST-8752', 'customer_note': 'Good but could go deeper', 'datetime': '2026-05-04T13:20:00Z', 'device_type': 'mobile', 'discount_code': '', 'is_new_customer': 'false', 'is_online': 'true', 'order_id': '52b2092c-89bb-428b-a7a4-2b024e7c8521', 'payment_method': 'paypal', 'product_id': 'PY-STREAM-005', 'quantity': '1', 'referral_source': 'paid_search', 'region_id': 'US-CA', 'unit_price': '59.99', '_kafka_key': 'US-CA', '_kafka_partition': 0, '_kafka_offset': 41}
2026-06-12 15:31:02 | INFO | C05 | subtotal=59.99
2026-06-12 15:31:02 | INFO | C05 | tax=5.7
2026-06-12 15:31:02 | INFO | C05 | total=65.69
2026-06-12 15:31:02 | INFO | C05 | running_total=3027.44
2026-06-12 15:31:02 | INFO | C05 | Wrote valid record to DuckDB:
2026-06-12 15:31:02 | INFO | C05 |   order=52b2092c-89bb-428b-a7a4-2b024e7c8521
2026-06-12 15:31:02 | INFO | C05 | MESSAGE ACCEPTED
2026-06-12 15:31:02 | INFO | C05 | order=52b2092c-89bb-428b-a7a4-2b024e7c8521
2026-06-12 15:31:02 | INFO | C05 | total=$65.69
2026-06-12 15:31:02 | INFO | C05 | consumed=42
2026-06-12 15:31:02 | INFO | C05 | RUNNING STATS
2026-06-12 15:31:02 | INFO | C05 | total_sales=$3,027.44
2026-06-12 15:31:02 | INFO | C05 | average=$72.08
2026-06-12 15:31:02 | INFO | C05 | min=$32.39
2026-06-12 15:31:02 | INFO | C05 | max=$323.95
2026-06-12 15:31:02 | INFO | C05 | {'currency_code': 'USD', 'customer_id': 'CUST-5351', 'customer_note': 'Recommended by a colleague', 'datetime': '2026-05-04T13:28:00Z', 'device_type': 'desktop', 'discount_code': '', 'is_new_customer': 'false', 'is_online': 'true', 'order_id': 'baabebfe-7225-412e-ad8e-25d8eea97659', 'payment_method': 'credit_card', 'product_id': 'PY-SQL-004', 'quantity': '2', 'referral_source': 'paid_search', 'region_id': 'US-TX', 'unit_price': '44.99', '_kafka_key': 'US-TX', '_kafka_partition': 0, '_kafka_offset': 42}
2026-06-12 15:31:02 | INFO | C05 | subtotal=89.98
2026-06-12 15:31:02 | INFO | C05 | tax=7.42
2026-06-12 15:31:02 | INFO | C05 | total=97.4
2026-06-12 15:31:02 | INFO | C05 | running_total=3124.84
2026-06-12 15:31:02 | INFO | C05 | Wrote valid record to DuckDB:
2026-06-12 15:31:02 | INFO | C05 |   order=baabebfe-7225-412e-ad8e-25d8eea97659
2026-06-12 15:31:02 | INFO | C05 | MESSAGE ACCEPTED
2026-06-12 15:31:02 | INFO | C05 | order=baabebfe-7225-412e-ad8e-25d8eea97659
2026-06-12 15:31:02 | INFO | C05 | total=$97.40
2026-06-12 15:31:02 | INFO | C05 | consumed=43
2026-06-12 15:31:02 | INFO | C05 | RUNNING STATS
2026-06-12 15:31:02 | INFO | C05 | total_sales=$3,124.84
2026-06-12 15:31:02 | INFO | C05 | average=$72.67
2026-06-12 15:31:02 | INFO | C05 | min=$32.39
2026-06-12 15:31:02 | INFO | C05 | max=$323.95
2026-06-12 15:31:02 | INFO | C05 | {'currency_code': 'CAD', 'customer_id': 'CUST-2891', 'customer_note': 'Recommended by a colleague', 'datetime': '2026-05-04T13:36:00Z', 'device_type': 'desktop', 'discount_code': '', 'is_new_customer': 'false', 'is_online': 'true', 'order_id': '5e3bb592-7961-42ae-b9d0-7460a9187473', 'payment_method': 'paypal', 'product_id': 'PY-NLP-006', 'quantity': '4', 'referral_source': 'paid_search', 'region_id': 'CA-ON', 'unit_price': '54.99', '_kafka_key': 'CA-ON', '_kafka_partition': 0, '_kafka_offset': 43}
2026-06-12 15:31:02 | INFO | C05 | subtotal=219.96
2026-06-12 15:31:02 | INFO | C05 | tax=28.59
2026-06-12 15:31:02 | INFO | C05 | total=248.55
2026-06-12 15:31:02 | INFO | C05 | running_total=3373.39
2026-06-12 15:31:02 | INFO | C05 | Wrote valid record to DuckDB:
2026-06-12 15:31:02 | INFO | C05 |   order=5e3bb592-7961-42ae-b9d0-7460a9187473
2026-06-12 15:31:02 | INFO | C05 | MESSAGE ACCEPTED
2026-06-12 15:31:02 | INFO | C05 | order=5e3bb592-7961-42ae-b9d0-7460a9187473
2026-06-12 15:31:02 | INFO | C05 | total=$248.55
2026-06-12 15:31:02 | INFO | C05 | consumed=44
2026-06-12 15:31:02 | INFO | C05 | RUNNING STATS
2026-06-12 15:31:02 | INFO | C05 | total_sales=$3,373.39
2026-06-12 15:31:02 | INFO | C05 | average=$76.67
2026-06-12 15:31:02 | INFO | C05 | min=$32.39
2026-06-12 15:31:02 | INFO | C05 | max=$323.95
2026-06-12 15:31:02 | INFO | C05 | {'currency_code': 'CAD', 'customer_id': 'CUST-5050', 'customer_note': 'Worth every penny', 'datetime': '2026-05-04T13:36:00Z', 'device_type': 'desktop', 'discount_code': '', 'is_new_customer': 'false', 'is_online': 'true', 'order_id': '98e30deb-4608-4d70-80d6-6dfc3488abe0', 'payment_method': 'paypal', 'product_id': 'PY-STREAM-005', 'quantity': '1', 'referral_source': 'paid_search', 'region_id': 'CA-QC', 'unit_price': '59.99', '_kafka_key': 'CA-QC', '_kafka_partition': 0, '_kafka_offset': 44}
2026-06-12 15:31:02 | INFO | C05 | subtotal=59.99
2026-06-12 15:31:02 | INFO | C05 | tax=8.98
2026-06-12 15:31:02 | INFO | C05 | total=68.97
2026-06-12 15:31:02 | INFO | C05 | running_total=3442.36
2026-06-12 15:31:02 | INFO | C05 | Wrote valid record to DuckDB:
2026-06-12 15:31:02 | INFO | C05 |   order=98e30deb-4608-4d70-80d6-6dfc3488abe0
2026-06-12 15:31:02 | INFO | C05 | MESSAGE ACCEPTED
2026-06-12 15:31:02 | INFO | C05 | order=98e30deb-4608-4d70-80d6-6dfc3488abe0
2026-06-12 15:31:02 | INFO | C05 | total=$68.97
2026-06-12 15:31:02 | INFO | C05 | consumed=45
2026-06-12 15:31:02 | INFO | C05 | RUNNING STATS
2026-06-12 15:31:02 | INFO | C05 | total_sales=$3,442.36
2026-06-12 15:31:02 | INFO | C05 | average=$76.50
2026-06-12 15:31:02 | INFO | C05 | min=$32.39
2026-06-12 15:31:02 | INFO | C05 | max=$323.95
2026-06-12 15:31:02 | INFO | C05 | {'currency_code': 'CAD', 'customer_id': 'CUST-9849', 'customer_note': '', 'datetime': '2026-05-04T13:43:00Z', 'device_type': 'desktop', 'discount_code': '', 'is_new_customer': 'false', 'is_online': 'true', 'order_id': 'c63829e5-d98f-4d61-94ff-9eee84858af9', 'payment_method': 'credit_card', 'product_id': 'PY-DATA-002', 'quantity': '1', 'referral_source': 'paid_search', 'region_id': 'CA-ON', 'unit_price': '49.99', '_kafka_key': 'CA-ON', '_kafka_partition': 0, '_kafka_offset': 45}
2026-06-12 15:31:02 | INFO | C05 | subtotal=49.99
2026-06-12 15:31:02 | INFO | C05 | tax=6.5
2026-06-12 15:31:02 | INFO | C05 | total=56.49
2026-06-12 15:31:02 | INFO | C05 | running_total=3498.85
2026-06-12 15:31:02 | INFO | C05 | Wrote valid record to DuckDB:
2026-06-12 15:31:02 | INFO | C05 |   order=c63829e5-d98f-4d61-94ff-9eee84858af9
2026-06-12 15:31:02 | INFO | C05 | MESSAGE ACCEPTED
2026-06-12 15:31:02 | INFO | C05 | order=c63829e5-d98f-4d61-94ff-9eee84858af9
2026-06-12 15:31:02 | INFO | C05 | total=$56.49
2026-06-12 15:31:02 | INFO | C05 | consumed=46
2026-06-12 15:31:02 | INFO | C05 | RUNNING STATS
2026-06-12 15:31:02 | INFO | C05 | total_sales=$3,498.85
2026-06-12 15:31:02 | INFO | C05 | average=$76.06
2026-06-12 15:31:02 | INFO | C05 | min=$32.39
2026-06-12 15:31:02 | INFO | C05 | max=$323.95
2026-06-12 15:31:02 | INFO | C05 | {'currency_code': 'USD', 'customer_id': 'CUST-8135', 'customer_note': 'Slower than I expected', 'datetime': '2026-05-04T14:17:00Z', 'device_type': 'desktop', 'discount_code': '', 'is_new_customer': 'false', 'is_online': 'true', 'order_id': 'e6093d4b-9f32-463a-a245-85f0c8e47fb9', 'payment_method': 'paypal', 'product_id': 'PY-SQL-004', 'quantity': '3', 'referral_source': 'organic', 'region_id': 'US-CA', 'unit_price': '44.99', '_kafka_key': 'US-CA', '_kafka_partition': 0, '_kafka_offset': 46}
2026-06-12 15:31:02 | INFO | C05 | subtotal=134.97
2026-06-12 15:31:02 | INFO | C05 | tax=12.82
2026-06-12 15:31:02 | INFO | C05 | total=147.79
2026-06-12 15:31:02 | INFO | C05 | running_total=3646.64
2026-06-12 15:31:02 | INFO | C05 | Wrote valid record to DuckDB:
2026-06-12 15:31:02 | INFO | C05 |   order=e6093d4b-9f32-463a-a245-85f0c8e47fb9
2026-06-12 15:31:02 | INFO | C05 | MESSAGE ACCEPTED
2026-06-12 15:31:02 | INFO | C05 | order=e6093d4b-9f32-463a-a245-85f0c8e47fb9
2026-06-12 15:31:02 | INFO | C05 | total=$147.79
2026-06-12 15:31:02 | INFO | C05 | consumed=47
2026-06-12 15:31:02 | INFO | C05 | RUNNING STATS
2026-06-12 15:31:02 | INFO | C05 | total_sales=$3,646.64
2026-06-12 15:31:02 | INFO | C05 | average=$77.59
2026-06-12 15:31:02 | INFO | C05 | min=$32.39
2026-06-12 15:31:02 | INFO | C05 | max=$323.95
2026-06-12 15:31:02 | INFO | C05 | {'currency_code': 'USD', 'customer_id': 'CUST-7883', 'customer_note': '', 'datetime': '2026-05-04T14:20:00Z', 'device_type': 'desktop', 'discount_code': '', 'is_new_customer': 'false', 'is_online': 'true', 'order_id': '76698ca8-703d-4ed1-ab59-159cee460b3a', 'payment_method': 'credit_card', 'product_id': 'PY-INTRO-001', 'quantity': '1', 'referral_source': 'organic', 'region_id': 'US-MO', 'unit_price': '29.99', '_kafka_key': 'US-MO', '_kafka_partition': 0, '_kafka_offset': 47}
2026-06-12 15:31:02 | INFO | C05 | subtotal=29.99
2026-06-12 15:31:02 | INFO | C05 | tax=2.4
2026-06-12 15:31:02 | INFO | C05 | total=32.39
2026-06-12 15:31:02 | INFO | C05 | running_total=3679.03
2026-06-12 15:31:02 | INFO | C05 | Wrote valid record to DuckDB:
2026-06-12 15:31:02 | INFO | C05 |   order=76698ca8-703d-4ed1-ab59-159cee460b3a
2026-06-12 15:31:02 | INFO | C05 | MESSAGE ACCEPTED
2026-06-12 15:31:02 | INFO | C05 | order=76698ca8-703d-4ed1-ab59-159cee460b3a
2026-06-12 15:31:02 | INFO | C05 | total=$32.39
2026-06-12 15:31:02 | INFO | C05 | consumed=48
2026-06-12 15:31:02 | INFO | C05 | RUNNING STATS
2026-06-12 15:31:02 | INFO | C05 | total_sales=$3,679.03
2026-06-12 15:31:02 | INFO | C05 | average=$76.65
2026-06-12 15:31:02 | INFO | C05 | min=$32.39
2026-06-12 15:31:02 | INFO | C05 | max=$323.95
2026-06-12 15:31:02 | INFO | C05 | {'currency_code': 'CAD', 'customer_id': 'CUST-5051', 'customer_note': 'Highly recommend', 'datetime': '2026-05-04T14:20:00Z', 'device_type': 'mobile', 'discount_code': '', 'is_new_customer': 'false', 'is_online': 'true', 'order_id': 'cdda7ee3-ba67-43ec-b342-66905d02c519', 'payment_method': 'paypal', 'product_id': 'PY-VIZ-003', 'quantity': '2', 'referral_source': 'organic', 'region_id': 'CA-ON', 'unit_price': '39.99', '_kafka_key': 'CA-ON', '_kafka_partition': 0, '_kafka_offset': 48}
2026-06-12 15:31:02 | INFO | C05 | subtotal=79.98
2026-06-12 15:31:02 | INFO | C05 | tax=10.4
2026-06-12 15:31:02 | INFO | C05 | total=90.38
2026-06-12 15:31:02 | INFO | C05 | running_total=3769.41
2026-06-12 15:31:02 | INFO | C05 | Wrote valid record to DuckDB:
2026-06-12 15:31:02 | INFO | C05 |   order=cdda7ee3-ba67-43ec-b342-66905d02c519
2026-06-12 15:31:02 | INFO | C05 | MESSAGE ACCEPTED
2026-06-12 15:31:02 | INFO | C05 | order=cdda7ee3-ba67-43ec-b342-66905d02c519
2026-06-12 15:31:02 | INFO | C05 | total=$90.38
2026-06-12 15:31:02 | INFO | C05 | consumed=49
2026-06-12 15:31:02 | INFO | C05 | RUNNING STATS
2026-06-12 15:31:02 | INFO | C05 | total_sales=$3,769.41
2026-06-12 15:31:02 | INFO | C05 | average=$76.93
2026-06-12 15:31:02 | INFO | C05 | min=$32.39
2026-06-12 15:31:02 | INFO | C05 | max=$323.95
2026-06-12 15:31:02 | INFO | C05 | {'currency_code': 'USD', 'customer_id': 'CUST-7071', 'customer_note': 'For my study group', 'datetime': '2026-05-04T14:26:00Z', 'device_type': 'desktop', 'discount_code': '', 'is_new_customer': 'false', 'is_online': 'true', 'order_id': '88e83571-ace3-4960-bbff-a31700bda114', 'payment_method': 'paypal', 'product_id': 'PY-STREAM-005', 'quantity': '1', 'referral_source': 'email', 'region_id': 'US-CA', 'unit_price': '59.99', '_kafka_key': 'US-CA', '_kafka_partition': 0, '_kafka_offset': 49}
2026-06-12 15:31:02 | INFO | C05 | subtotal=59.99
2026-06-12 15:31:02 | INFO | C05 | tax=5.7
2026-06-12 15:31:03 | INFO | C05 | total=65.69
2026-06-12 15:31:03 | INFO | C05 | running_total=3835.10
2026-06-12 15:31:03 | INFO | C05 | Wrote valid record to DuckDB:
2026-06-12 15:31:03 | INFO | C05 |   order=88e83571-ace3-4960-bbff-a31700bda114
2026-06-12 15:31:03 | INFO | C05 | MESSAGE ACCEPTED
2026-06-12 15:31:03 | INFO | C05 | order=88e83571-ace3-4960-bbff-a31700bda114
2026-06-12 15:31:03 | INFO | C05 | total=$65.69
2026-06-12 15:31:03 | INFO | C05 | consumed=50
2026-06-12 15:31:03 | INFO | C05 | RUNNING STATS
2026-06-12 15:31:03 | INFO | C05 | total_sales=$3,835.10
2026-06-12 15:31:03 | INFO | C05 | average=$76.70
2026-06-12 15:31:03 | INFO | C05 | min=$32.39
2026-06-12 15:31:03 | INFO | C05 | max=$323.95
2026-06-12 15:31:13 | INFO | C05 | No message received within 10.0s timeout.
2026-06-12 15:31:13 | INFO | C05 | Producer finished or paused. Stopping consumer.
2026-06-12 15:31:13 | INFO | C05 | Kafka consumer closed.
2026-06-12 15:31:13 | INFO | C05 | Saving artifacts...
2026-06-12 15:31:13 | INFO | C05 | WROTE OUTPUT_CSV = data\output\consumed_sales.csv
2026-06-12 15:31:13 | INFO | C05 | WROTE OUTPUT_DB = data\output\sales.duckdb
2026-06-12 15:31:13 | INFO | C05 | ========================
2026-06-12 15:31:13 | INFO | C05 | SECTION E. Exit
2026-06-12 15:31:13 | INFO | C05 | ========================
2026-06-12 15:31:13 | INFO | C05 | Summary:
2026-06-12 15:31:13 | INFO | C05 | Consumed 50 message(s) from topic 'streaming-05-storage-case'.
2026-06-12 15:31:13 | INFO | C05 | Skipped  0 message(s).
2026-06-12 15:31:13 | INFO | C05 | OUTPUT_CSV = data\output\consumed_sales.csv
2026-06-12 15:31:13 | INFO | C05 |   Total sales:  $3,835.10
2026-06-12 15:31:13 | INFO | C05 |   Average sale: $76.70
2026-06-12 15:31:13 | INFO | C05 |   Minimum sale: $32.39
2026-06-12 15:31:13 | INFO | C05 |   Maximum sale: $323.95
2026-06-12 15:31:13 | INFO | C05 |   Highest Order Total: $323.95
2026-06-12 15:31:13 | INFO | C05 | ========================
2026-06-12 15:31:13 | INFO | C05 | Consumer executed successfully!
2026-06-12 15:31:13 | INFO | C05 | ========================
2026-06-12 15:36:52 | DEBUG | C05 | KAFKA_BOOTSTRAP_SERVERS           = 172.23.179.180:9092
2026-06-12 15:36:52 | DEBUG | C05 | KAFKA_BROKER_ADDRESS_FAMILY       = v4
2026-06-12 15:36:52 | DEBUG | C05 | KAFKA_TOPIC                       = streaming-05-storage-case
2026-06-12 15:36:52 | DEBUG | C05 | KAFKA_CLEAR_TOPIC_ON_START        = true
2026-06-12 15:36:52 | DEBUG | C05 | PRODUCER_MESSAGE_COUNT            = 50
2026-06-12 15:36:52 | DEBUG | C05 | PRODUCER_MESSAGE_INTERVAL_SECONDS = 2
2026-06-12 15:36:52 | DEBUG | C05 | PRODUCER_MAX_MESSAGES             = 50
2026-06-12 15:36:52 | DEBUG | C05 | PRODUCER_POLL_INTERVAL_SECONDS    = 15
2026-06-12 15:36:52 | DEBUG | C05 | KAFKA_GROUP_ID                    = streaming-consumer-group-A
2026-06-12 15:36:52 | DEBUG | C05 | KAFKA_AUTO_OFFSET_RESET           = earliest
2026-06-12 15:36:52 | DEBUG | C05 | CONSUMER_TIMEOUT_SECONDS          = 10
2026-06-12 15:36:52 | DEBUG | C05 | CONSUMER_MAX_MESSAGES             = 1000
2026-06-12 15:36:52 | DEBUG | P03 | KAFKA_BOOTSTRAP_SERVERS           = 172.23.179.180:9092
2026-06-12 15:36:52 | DEBUG | P03 | KAFKA_BROKER_ADDRESS_FAMILY       = v4
2026-06-12 15:36:52 | DEBUG | P03 | KAFKA_TOPIC                       = streaming-05-storage-case
2026-06-12 15:36:52 | DEBUG | P03 | KAFKA_CLEAR_TOPIC_ON_START        = true
2026-06-12 15:36:52 | DEBUG | P03 | PRODUCER_MESSAGE_COUNT            = 50
2026-06-12 15:36:52 | DEBUG | P03 | PRODUCER_MESSAGE_INTERVAL_SECONDS = 2
2026-06-12 15:36:52 | DEBUG | P03 | PRODUCER_MAX_MESSAGES             = 50
2026-06-12 15:36:52 | DEBUG | P03 | PRODUCER_POLL_INTERVAL_SECONDS    = 15
2026-06-12 15:36:52 | DEBUG | P03 | KAFKA_GROUP_ID                    = streaming-consumer-group-A
2026-06-12 15:36:52 | DEBUG | P03 | KAFKA_AUTO_OFFSET_RESET           = earliest
2026-06-12 15:36:52 | DEBUG | P03 | CONSUMER_TIMEOUT_SECONDS          = 10
2026-06-12 15:36:52 | DEBUG | P03 | CONSUMER_MAX_MESSAGES             = 1000
